strongNumber,hebWord,lang,etymComplete,etymDesc,occurences,variants,morphology,heading,entrycontent,phonemes,multiarticle,occurencesorder,nextentry,preventry
1,אָב,H,,une racine,"630,8698,1586,3661,6427,9179,4888,8375,5719,8160,3697,1347,4327,3565,6492,3643,5649,7184,1298,9541,1418,22510,7716,1030,9579,7182,22216,4748,22954,7999,22191,776,11863,5468,3831,22411,21519,6669,21347,8365,376,1478,10127,13784,1521,22723,10056,23175,1513,23032,6916,769,9038,15847,6510,6574,22997,13213,5098,8512,8826,22904,18319,20743,1512,14888,21547,1426,1096,14889,22676,2057,9508,7680,21525,892,22384,5624,1318,9053,1362,10034,4666,1451,8937,13225,13986,1382,9078,18503,21648,22896,7384,492,6480,7392,22539,22825,8096,8240,11537,22106,9844,3728,11855,18759,6493,1471,737,3693,12353,7706,8028,7328,22467,5157,23162,9452,3234,17836,22171,569,11747,13127,5767,7648,1390,6525,7560,18345,20859,11508,1386,5502,5942,4734,22381,4037,4884,23117,21049,4563,7778,10116,22242,1392,6774,16835,5164,5889,489,5064,1476,1517,10066,13275,1596,1508,17933,1432,7727,2131,16930,23127,805,6217,3652,21602,11399,21738,5121,9151,1314,1352,6281,9372,21639,16164,6190,6481,6930,4728,18250,20002,3708,9799,1000,8347,8943,21010,3790,1421,3609,11543,22107,7649,21753,22627,21553,23085,1670,3625,18227,7657,11746,742,1355,9787,893,5106,5394,9902,21273,3328,11642,717,762,7768,6442,11796,12027,22218,6868,8801,22831,22650,20860,3383,18496,11660,4247,23163,7035,3264,4902,22214,9884,21830,22668,782,7032,4692,21236,4653,10593,4559,21329,22284,7030,21523,6566,9156,22483,11653,8712,18088,7029,18155,491,879,2723,18479,22601,5933,22422,6374,4889,22722,14689,1388,7720,21584,21600,21784,22855,10590,18215,5573,12055,1356,7126,9441,8740,10060,1289,22300,22596,22724,256,8161,16623,6456,19998,22705,3336,7625,3607,21777,10118,5203,7653,8960,8903,16434,6870,7313,904,9186,8741,22367,555,12322,22427,6557,20842,1116,7659,740,22349,21526,5493,6564,22243,4546,21586,23132,10881,5603,16385,6982,15753,1349,6683,9073,22344,9700,18935,5694,11927,9847,1084,22189,5821,21237,1923,14885,22777,1681,19543,23191,6937,9325,3348,903,20742,22952,8737,1500,3649,3338,8918,9703,494,9438,9170,20313,20977,21824,1607,5730,6921,20991,5467,7569,22961,2093,19659,16380,22517,8951,23113,1085,9114,7656,21800,23087,1247,8390,21934,7385,495,12529,4816,8466,12331,22970,12349,11864,6559,23108,3645,7024,9207,21015,1453,9069,12330,9882,11829,2095,21637,7337,20949,12039,14298,7650,22148,9030,22295,9821,22346,4567,9804,22246,22280,229,6833,9277,21393,8457,6426,987,10230,9820,4654,711,2004,1593,22459,5280,8956,101,1344,3647,4259,12357,1377,4655,3637,22906,22379,7031,16931,22781,1095,8341,11542,22487,747,1039,22400,9614,599,808,916,23133,5142,22986,7550,7626,1784,10912,22824,20663,18024,8641,11486,5583,5210,2504,22307,1468,10316,17684,20268,5155,4905,1470,10077,11981,22994,888,1088,7708,8920,7034,13230,21733,3784,5501,15805,22606,1422,4915,13299,9992,21259,509,12355,4251,10058,1342,5543,7311,9158,1367,23168,5416,7660,15841,18174,875,3639,6992,13215,4260,22941,5883,3650,14995,1523,738,9836,13293,20729,22822,21845,4893,16735,403,15431,21599,7595,759,14223,22306,23086,5091,5111,1482,9047,12547,11705,21745,9113,7426,1573,12543,909,21598,22486,1299,6917,11867,22602,18170,23105,9175,12536,14887,7454,6812,3633,508,6370,758,9670,13281,21392,3773,12347,13228,4566,22931,22603,985,1293,6915,224,2064,3623,7627,18103,7347,5715,5974,6913,21799,14391,21592,992,5884,8928,21735,9790,6932,22933,9916,22834,6548,21280,1359,17767,5746,1428,11657,11707,9715,9191,12239,12216,6278,17743,9080,496,22592,6222,9943,21593,8112,8627,1461,5071,12857,3266,9946,5140,18996,22399,11771,22719,5291,23043,3263,7721,3511,3766,1515,22231,22929,8748,11871,22598,1106,4486,10926,18943,11536,11088,11953,8110,22967,20768,1050,21059,22489,11865,5231,15118,22845,1302,5590,6495,5488,7476,8797,3713,5609,1430,55,6681,10592,13231,21669,1522,9445,22071,1368,22962,12689,21544,9229,881,22000,11522,21557,23205,6933,22504,8720,3746,1820,23187,767,9373,17043,3723,22662,5859,22557,5462,787,1529,3260,9818,22371,22990,1873,10022,3621,21740,615,1467,22892,1131,11409,4493,20856,11985,5750,5126,11749,10114,22790,14675,11420,6926,10053,22495,3635,8377,22817,5571,4074,1384,12186,12236,15067,3641,6867,3355,7611,18344,8007,9837,6757,10084,18214,3330,14055,19280,22393,3629,1350,1416,7452,7383,1879,4887,1065,6569,11752,22204,8363,22421,21771,6567,5976,15518,20833,295,22415,296,4929,15905,21619,8714,12918,22898,6484,781,13287,8719,23125,21595,300,9851,20665,21781,13345,21252,5607,22673,6667,21820,4078,1499,4132,8799,22840,4127,7745,9497,15132,22709,9451,21945,746,5487,10046,4248,22993,10466,9309,4832,22988,13349,21625,21844,100,927,994,12265,9747,10328,8366,9079,21585,9124,890,708,1357,4487,877,9915,754,8927,11049,5766,1433,8866,22833,6920,23158,16382,5677,22287,8978,11649,1282,18538,10041,8152,1319,8904,5706,13229,9083,17769,6927,22425,1086,19811,3778,9360,11626,12592,21435,5125,11895,7188,22930,13169,22538,7028,22494,21554,5037,1473,23031,1509,5043,1119,10935,1372,21947,9449,696,760,22305,22249,9182,11317,632,1502,1524,402,7185,8973,9482,19858,19328,3261,12050,11412,14388,9167,22699,1424,12535,13348,15149,22905,18544,3853,493,6680,8700,9032,9540,3285,11661,1427,4560,12269,734,5007,21742,1266,13284,1285,1290,7187,1571,980,20947,18342,10130,13749,9193,22543,880,1345,7014,1469,8283,10038,9178,21289,21846,23046,21266,3717,6784,6384,23128,1288,22466,228,8732,9815,22073,938,21057,21293,8656,21551,9866,20976,5575,8929,10059,1514,15100,8006,5219,8921,3691,6753,6773,20673,3631,9917,8924,21552,22734,5491,21762,1378,3627,4885,8974,7453,9059,18455,6761,9075,750,1595,6671,490,6838,21291,23167,5243,21228,22816,12345,5777,7681,5199,9803,3357,11192,10121,4882,21382,795,21546,9831,5058,21649,22376,3782,1094,8923,13261,23068,3564,9835,11859,6914,23151,766,6298,16389,9853,1503,3786,1034,5737,9878,3259,7655,9043,19270,883,8961,6394,7679,12354",,N-M,père,"1) père d'un individu<br>2) Dieu père de son peuple<br>3) tête ou fondateur d'une maisonnée, d'un groupe, d'une famille, ou clan<br>4) ancêtre<br>  4a) grand-père, ancêtres d'une personne<br>  4b) d'un peuple<br>5) auteur ou patron d'une classe, profession, ou art<br>6) terme de respect et d'honneur<br>9) gouvernant, souverain, chef",ʾāv,,A00038,2,9012
2,אַב,A,1+אב,(araméen) correspondant à H1,"20556,20872,20561,20545,20450,20893,20554",,N-M,père,1) père,ʾav,,A02705,3,1
3,אֵב,H,24+אביב,comme H24,"18763,19749",,N-M,vert,"1) fraîcheur, herbe verte, ou verdure",ʾēv,,A04648,4,2
4,אֵב,A,3+אב,(araméen) correspondant à H3,"20527,20520,20518",,N-M,fruit,"1) fruit frais, jeune",ʾēv,,A04016,5,3
5,אֲבַגְתָא,H,,d'origine étrangère,20249,,N_N-M-P,Abagtha,"Abagtha = ""heureux, prospère""<br>1) un des sept chambellans du roi de Perse Assuérus.<br>2) Gardiens du harem, il s'agit d'eunuques comme l'usage l'exigeait.<br>3) C'étaient probablement des étrangers, porteurs de noms étrangers.",ʾăvagtāʾ,,A05854,6,4
6,אָבַד,H,,racine primaire,"18718,16820,10724,12642,11472,15244,5214,13452,10888,5573,15243,20315,12001,14815,12965,15423,10979,11907,14572,7967,15697,18850,5123,13623,15241,18663,10681,14415,13479,5245,14523,14583,5664,19925,11663,11732,18210,11838,14307,20297,15778,17581,12688,19894,5133,5244,10041,18661,16479,3563,12632,14648,11626,20183,5985,12783,20293,20359,15009,18500,18503,4257,5676,1785,20365,9797,11703,17264,5635,5728,20146,13248,15896,15256,6656,17621,13691,18629,20306,14527,12060,16308,11283,20313,7328,4370,6478,5137,11350,6475,18873,4466,16692,5162,9683,20383,10123,17971,18764,17974,12928,19281,13064,13579,20138,9749,20113,20195,14634,17267,17960,18659,17566,9998,4228,3433,11782,12235,18922,18288,5158,19015,15155,13365,5475,12127,5633,20348,16525,14550,10661,5032,19329,12746,13679,16161,20395,12604,18566,4371,12472,12681,15274,13461,14542,11918,19267,5788,14671,17087,18672,5159,12122,12569,19055,17708,20067,17348,15192,15568,5227,14377,20377,11552,4814,15167,13535,13770,14398,12085,7311,9731,14823,12650",,V,périr,"1) périr, s'évanouir, être détruit<br>  1a) périr, mourir, être exterminé<br>  1b) détruire, tuer, exterminer<br>  1c) jugement divin qui amène à la mort",ʾāvad,,A00252,7,5
7,אֲבַד,A,6+אבד,(araméen) correspondant à H6,"20628,20613,20451,20445,11728,20439",,V,détruire,"1) périr, s'évanouir, détruire, être détruit",ʾăvad,,A02918,8,6
8,אֹבֵד,H,6+אבד,participe de H6,"4471,4467",,N-M,détruit,1) destruction,ʾōvēd,,A05477,9,7
9,אֲבֵדָה,H,6+אבד,de H6,"2854,5475,2123,2853",,N-F,chose perdue,"1) une chose perdue, quelque-chose de perdu",ʾăvēdā,,A03951,10,8
10,אֲבַדּוֹן,H,9+אבדה|11+אבדון,"le même que H9, incorrectement écrit pour 11",18465,,N-F,destruction,"1) une chose perdue, quelque chose de perdu",ʾăvaddōn,,A05855,11,9
11,אֲבַדּוֹן,H,6+אבד,intensif de H6,"16589,19248,18094,19322,19195",,N_N--L,destruction,"1) destruction, ruine, abîme voir définition 3",ʾăvaddōn,,A03179,12,10
12,אַבְדָ֑ן,H,6+אבד,de H6,20376,,N-M,destruction,1) destruction,ʾavdān,,A05856,13,11
13,אׇבְדַן,H,6+אבד,de H6,20360,,N-M,destruction,1) destruction,ʾovdan,,A05857,14,12
14,אָבָה,H,,racine primaire,"8587,8251,9334,7988,7931,4920,8303,7486,17851,600,11021,1805,597,9448,21887,1432,10693,16494,7036,10749,21888,7846,8249,7722,8588,9813,21859,10190,19565,7051,8085,8260,17686,9665,17706,3546,10125,8221,5507,13265,7069,10743,17701,5701,22123,22828,5282,5198,5556,4970,12871,6488,6848",,V,vouloir,"1) vouloir, accepter, consentir, obéir",ʾāvā,,A00682,15,13
15,בָּיַי,H,14+אבה,de H14,19441,,N-F,non traduit,"1) supplier, désir ardent",bāyay,,A05858,16,14
16,אֵ֫בֶה,H,14+אבה,de H14 (dans le sens de se plier),18799,,N-M,jonc,"1) roseau, papyrus, jonc",ʾēveh,,A05859,17,15
17,אֲבוֹי,H,14+אבה,de H14 (sens de désirer),18349,,INJ,hélas,1) hélas! Oh! (exclamation de peine - indique désir ou insatisfaction),ʾăvōy,,A05860,18,16
18,אֵבוּס,H,75+אבס,de H75,"19565,10174,18052",,N-M,crèche,"1) mangeoire, crèche",ʾēvūs,,A04017,19,17
19,אִבְחָה,H,,d'une racine du sens de tourner,13321,,N-F,pointe (de l'épée),"1) abattre, chair, viande, viande abattue",ʾivḥā,,A05861,20,18
20,אֲבַטִּחִים,H,,dérivation incertaine,4030,,N-M,melons,"1) melon d'eau, fruit égyptien",ʾăvaṭṭiḥīm,,A07775,21,19
21,אֲבִי,H,1+אב,de H1,9945,,N_N-F-P,Abi,"Abi = ""mon père"", ""l'éternel est père""<br>1) mère d'Ezéchias (cf <a href=""strong-hebreu-29.html"" title=""Strong hébreu 029"">029</a>)",ʾăvī,,A07776,22,20
22,אֲבִיאֵל,H,1+אב|410+אל,de H1 et H410,"7309,21901,7476",,N_N-M-P,Abiel,"Abiel = ""Dieu est mon père""<br>1) grand-père de Saïl",ʾăvīʾēl,,A04426,23,21
23,אֲבִיאָסָף,H,1+אב|622+אסף,de H1 et H622,1680,,N_N-M-P,Abiasaph,"Abiasaph = ""mon père a rassemblé "" (celui qui enlève l'opprobre)<br>1) fils (descendant) de Koré ou d'Elkana ?",ʾăvīʾāsāf,,A07777,24,22
24,אָבִיב,H,,d'une racine du sens d'être tendre,"1872,5345,2777,1774,2160,2515",,N_N-M-T;N-M,épis,"1) épis, orge jeune<br>2) mois de la formation de l'épi, de l'herbe verte<br>3) Abib, mois de l'exode et de la pâque (Mars ou Avril)",ʾāvīv,,A03148,25,23
25,אֲבִי גִבְעוֹן,H,1+אב|1391+גבעון,de H1 et H1391,,,N_N-M-P;N_N--L,père de Gabaon,"1) lieu où se trouvait le tabernacle du Seigneur, dans le haut lieu",ʾăvī givʿōn,,A08567,26,24
26,"אֲבִיגַ֫יִל, אֲבִיגַ֫ל",H,1+אב|1524+גיל,de H1 et H1524,"7782,7797,7802,7818,8002,7811,7901,21519,21558,7821,7815,21518,8392,7819,7851,7793,7969",,N_N-F-P,Abigaïl,"Abigaïl = ""mon père est joie"", ""père de l'enthousiasme""<br>1) femme de Nabal, ensuite de David<br>2) soeur de David","ʾăvīgayil, ʾăvīgal",,A01653,27,25
27,אֲבִידָן,H,1+אב|1777+דין דון,de H1 et H1777,"3681,3616,4013,3911,3916",,N_N-M-P,Abidan,"Abidan = ""mon père est juge"", ""le père juge""<br>1) un prince (souverain) de Benjamin, fils de Guideoni",ʾăvīdān,,A03504,28,26
28,אֲבִידָע,H,1+אב|3045+ידע,de H1 et H3045,21481663,,N_N-M-P,Abida,"Abida = ""père du savoir""<br>1) quatrième fils de Madian et petit-fils d'Abraham par sa femme Ketura (après la mort de Sara)",ʾăvīdāʿ,,A05763,29,27
29,אֲבִיָּ֫הוּ,H,1+אב|3050+יה,de H1 et H3050,"22665,21739,7288,22651,22673,22670,22650,22633,22671,21387,22653,21374,9137,21678,22989,21302,21567,22669,22667,22672,22222,22654,21526,22652,22631",,N_N-M-P,Abija,"Abija = ""L'Eternel est un père""<br>1) roi de Juda, fils et successeur de Roboam<br>2) second fils de Samuel<br>3) fils de Jéroboam premier, roi d'Israël<br>4) fils de Béker, un Benjamite<br>5) chef d'une maison de sacrificateurs (groupe de Lévites)<br>6) chef d'une maison de sacrificateurs après l'exil <br>n pr f 7) mère d'Ezéchias (cf <a href=""strong-hebreu-21.html"" title=""Strong hébreu 021"">021</a>)",ʾăviyyāhū,,A01233,30,28
30,אֲבִיהוּא,H,1+אב|1931+הוא היא,de H1 et H1931,"4552,2179,2979,2187,4551,21653,2295,1679,22213,3697,22214,3695",,N_N-M-P,Abihu,"Abihu = ""Dieu est père"", ""il est mon père""<br>1) fils d'Aaron, partagea les privilèges, le péché, la destinée de Nadab son aîné, et mourut sans postérité",ʾăvīhūʾ,,A02080,31,29
31,אֲבִיהוּד,H,1+אב|1935+הוד,de H1 et H1935,21774,,N_N-M-P,Abihud,"Abihud = ""père de l'éloge"", ""père loué ""<br>1) Descendant de Benjamin par la lignée de Béla",ʾăvīhūd,,A05862,32,30
32,אֲבִיחַ֫יִל,H,2428+חיל,de H1 et H2428,"20276,22629,3728,20400,21531,21638",,N_N-M-P,Abihaïl,"Abihaïl = ""père de la force""<br>1) un Lévite du temps de Moïse<br>2) un homme de Gad<br>3) père d'Esther<br>4) épouse d'Abischur<br>5) épouse de Roboam",ʾăvīḥayil,,A03009,33,31
33,אֲבִי הָעֶזְרִי,H,44+אביעזר,de H44 avec article inséré,"6753,6680,6667",,N_N--PG,d'Abiézer,"Abiézer = ""mon père est secours""<br>1) membre de la famille d'Abiézer, un descendant du fils de Joseph, Manassé",ʾăvī hāʿezrī,,A04537,34,32
34,אֶבְיוֹן,H,14+אבה,"de H14 , dans le sens d'être dans le besoin","18580,14416,15289,11986,20393,5332,10729,16554,18079,13223,14492,19172,19329,16503,17051,19162,17086,10639,5325,13173,15646,16265,10783,17013,15772,5330,16228,16273,13367,14440,11602,17060,17440,17094,15256,16330,11951,2151,5328,10475,10985,14490,5541,15691,19304,15888,17550,18569,11515,16274,14390,19270,18541,18688,7165,2156,17045,16237",,A-M,pauvre,"1) dans le besoin, très pauvre, indigent<br>2) sujet à l'oppression et aux abus<br>3) besoin de délivrance, spécialement par Dieu<br>4) référence générale aux classes inférieures",ʾevyōn,,A00622,35,33
35,אֲבִיּוֹנָה,H,14+אבה,de H14,20230,,N-F,câpre,1) câpre (baie qui stimule le désir),ʾăviyyōnā,,A05863,36,34
36,אֲבִיטוּב,H,1+אב|2898+טוב,de H1 et H2898,21782,,N_N-M-P,Abithub,"Abithub = ""mon père est bonté ""<br>1) fils de Schacharaïm, un Benjamite",ʾăvīṭūv,,A05864,37,35
37,אֲבִיטָ֑ל,H,1+אב|2919+טל,de H1 et H2919,"21560,8003",,N_N-F-P,Abithal,"Abithal = ""mon père est (la) rosée""<br>1) une épouse de David",ʾăvīṭāl,,A05226,38,36
38,אֲבִיָּם,H,1+אב|3220+ים,de H1 et H3220,"9168,9167,9174,9175",,N_N-M-P,Abijam,"Abijam = ""père de la mer"", ou ""yam (la mer) est mon père""<br>1) roi de Juda, fils et successeur de Roboam",ʾăviyyām,,A03952,39,37
39,אֲבִימָאֵל,H,1+אב,de H1 et d'un autre mot inusité,"263,2147",,N_N-M-P,Abimaël,"Abimaël = ""mon père est Maël"", ""mon père est Dieu""<br>1) fils de Jokthan, descendant de Sem",ʾăvīmāʾēl,,A05731,40,38
40,אֲבִימֶ֫לֶךְ,H,1+אב|4428+מלך,de H1 et H4428,"6814,6796,6778,6777,505,6785,6794,511,6774,6803,6804,6801,6779,702,6787,6780,6757,499,6759,6798,8198,536,6806,546,6784,22103,6791,510,6760,513,6795,6811,6790,6808,6797,6809,506,15614,541,6805,704,514,6812,694,6781,709,500,540,6776,6783,701,6752,6775,6800,719,504,6772,543,539,703,498,6762",,N_N-M-P,Abimélec,"Abimélec = ""Mélec est père"" ou ""mon père est roi""<br>1) roi de Guérar à l'époque d'Abraham<br>2) roi de Gath à l'époque de David<br>3) fils de Gédéon par une concubine<br>4) sacrificateur, fils d'Abiathar",ʾăvīmelex,,A00599,41,39
41,אֲבִינָדָב,H,1+אב|5068+נדב,de H1 et H5068,"21857,7270,21964,8079,7520,7929,21515,21850,8078,21804,7548",,N_N-M-P,Abinadab,"Abinadab = ""père de la générosité "", ""père de liberté ""<br>1) un homme de Guibea qui reçut l'arche<br>2) second fils d'Isaï, frère aîné de David<br>3) un fils de Saïl, tué avec lui par les Philistins",ʾăvīnādāv,,A02188,42,40
42,אֲבִינֹ֫עַם,H,1+אב|5278+נועם,de H1 et H5278,"6637,6626,6607,6613",,N_N-M-P,Abinoam,"Abinoam = ""père de douceur, ou de beauté ""<br>1) père de Barak, descendant de Nephthali",ʾăvīnōʿam,,A03953,43,41
43,"אֶבְיָסָף, אֲבִיאָסָף",H,23+אביאסף,contraction de H23,"21830,21687,21673",,N_N-M-P,Ebjasaph,"Ebjasaph = ""mon père a rassemblé ""<br>1) un fils ou descendant de Koré","ʾevyāsāf, ʾăvīʾāsāf",,A04018,44,42
44,אֲבִיעֶ֫זֶר,H,1+אב|5829+עזר,de H1 et H5829,"6690,6279,8598,21897,22318,6723,21749",,N_N-M-P,Abiézer,"Abiézer = ""père du secours, mon père est un secours""<br>1) de Manassé, appelé ""fils"" de Galaad, ou fils de la soeur de Galaad<br>2) Benjamite, guerrier de David",ʾăvīʿezer,,A02839,45,43
45,אֲבִי־עַלְבוֹן,H,1+אב,de H1 et dérivation incertaine,8602,,N_N-M-P,Abi-Albon,"Abi-Albon = ""père de force""<br>1) un des vaillants guerriers de David<br>2) Abiel dans 1 chroniques 11.32",ʾăvī-ʿalvōn,,A07778,46,44
46,אָבִיר,H,82+אבר,de H82,"17430,11354,11179,1498,10195,17427",,A-M,Le Puissant,"1) fort, puissant - utilisé seulement pour décrire Dieu<br>2) Le Fort: ancien nom pour Dieu (poétique)",ʾāvīr,,A03010,47,45
47,אַבִּיר,H,46+אביר,pour H46,"15919,19425,16189,19180,10380,7697,10827,6647,11685,12576,12693,15439,12592,16349,19878,11115,16402",,A-M,taureaux,"1) puissance, vaillance<br>  1a) des hommes, des anges, des animaux<br>  1b) (métaphorique) des ennemis, des princes<br>  1c) obstination (figuré)",ʾabbīr,,A01606,48,46
48,אֲבִירָם,H,1+אב|7311+רום,de H1 et H7311,"4196,4207,4219,4500,4222,9235,4220,16941,5216",,N_N-M-P,Abiram,"Abiram = ""mon père est exalté "" ou même sens qu'Abram variante admissible du nom Abram<br>1)) un Rubénite, fils d'Eliab pendant l'exode<br>2) fils de Hiel, de Béthel qui travailla à la reconstruction de Jéricho",ʾăvīrām,,A02496,49,47
49,אֲבִישַׁג,H,1+אב|7686+שׁגה,de H1 et H7686,"8709,8650,8705,8710,8638",,N_N-F-P,Abischag,"Abischag = ""père d'égarement""<br>1) jeune fille fort belle de Sunem, qui prit soin de David lorsqu'il fut vieux et affaibli.<br>2) Adonija voulut l'épouser",ʾăvīšag,,A03505,50,48
50,אֲבִישׁוּעַ,H,1+אב|7771+שׁוע,vient De H1 et H7771,"21700,21775,20925,21654,21655",,N_N-M-P,Abischua,"Abischua (Abishua) = ""père de secours"", ou ""mon père est opulence""<br>1) fils de Phinées, petit-fils d'Aaron",ʾăvīšūaʿ,,A03180,51,49
51,אֲבִישׁוּר,H,1+אב|7791+שׁור,vient De H1 et H7791,"21530,21531",,N_N-M-P,Abischur,"Abischur = ""mon père est un mur"", ""père d'ordre""<br>1) fils de Schammaï, descendant de Juda",ʾăvīšūr,,A04649,52,50
52,אֲבִישַׁי,H,1+אב|7862+שׁי,vient De H1 et H7862,"8355,7985,8353,8482,7832,8478,21518,22099,8172,8408,22119,22115,7991,7831,7830,8168,8515,8398,8589,7829,21889,8029,8450,8401",,N_N-M-P,Abischaï,"Abischaï = ""mon père est Isaï "", ""mon père est un don""<br>1) petit-fils d'Isaï, neveu de David par sa soeur Tseruja, frère de Joab",ʾăvīšay,,A01306,53,51
53,אֲבִישָׁלוֹם,H,1+אב|7965+שׁלום שׁלום,vient De H1 et H7965,"8352,8255,8406,8305,8478,22632,8304,8381,8430,8308,8257,8408,8367,8373,9169,8366,8344,8371,8365,8695,8264,8338,8391,8302,8317,8307,8314,8274,8368,8301,8387,8267,21559,8382,8295,8297,8438,8362,8272,8428,8372,8260,8361,8299,8392,8311,8263,8269,8275,8236,8374,8313,8318,8265,8425,8310,8385,8413,8405,8433,8319,8298,8376,8261,8364,8393,8321,9177,8410,8401,8359,8303,8320,8341,8411,8273,8716,8002,8414,8435,8306,8429,8641,8239,8258,8439,15168,8259,8262,8309,8360,22631",,N_N-M-P,Absalom,"Absalom (Abisalom) = ""père de la paix""<br>1) beau-père de Roboam<br>2) troisième fils de David, tueur du fils aîné Amnon, également chef de la révolte contre son père, David",ʾăvīšālōm,,A00427,54,52
54,אֶבְיָתָר,H,1+אב|3498+יתר,contraction De H1 et H3498,"8440,8331,22218,7734,8144,8642,22340,8497,8382,7727,8677,8710,8654,8343,8336,8723,7903,8766,7725,8714,8342,7726,7737,21999,8334,8715,8660,22103",,N_N-M-P,Abiathar,"Abiathar = ""père de l'abondance""<br>1) sacrificateur, fils d'Achimélec, descendant d'Eli.",ʾevyātār,,A01159,55,53
55,אָבַךְ,H,,racine primaire,10364,,V,s'élève,"1) rouler, tourner<br>  1a) s'élever, s'enrouler, grande vague",ʾāvax,,A05865,56,54
56,אָבַל,H,,racine primaire,"8276,21248,10805,14494,21047,7513,11571,11448,12966,12951,8430,20686,4148,10619,14235,2478,8272,14505,23187,14306,1118,14141,7267,11811,7512,10529,21005,14305,19893,12010,10250,21753,14371,11769,13607,18925,11776,10616",,V,deuil,"1) pleur, lamentation<br>  1a) d'un humain, d'une chose (la terre, les portes...)<br>  1b) le rôle du pleureur",ʾāval,,A00907,57,55
57,אָבֵל,H,56+אבל,vient de H56,"20342,11362,11300,1119,19867,11363,15650,19279",,A,pleurs,"1) deuil<br>  1a) à cause de la mort<br>  1b) à cause des calamités<br>2) pleurer, pleureur, pleureuse",ʾāvēl,,A02583,58,56
58,אָבֵל,H,,vient d'une racine du sens de verdoyant,,,N-F,Abel,"1) prairie (du verbe pousser, vert)<br>2) plaine",ʾāvēl,,A08568,59,57
59,אָבֵל,H,58+אבל,vient de H58,"8487,8486,7266,8490",,N_N--L,Abel,"Abel = ""endroit verdoyant, prairie"", ""vanité ""<br>1) Ville du nord d'Israël, près de Beth-Maaca<br>2) erreur dans 1 Samuel 6.18 (Eben et non Abel)",ʾāvēl,,A03954,60,58
60,אֵ֫בֶל,H,56+אבל,vient de H56,"8276,20393,11358,14592,1517,19310,20302,13435,11363,11631,12220,20010,11859,20135,8431,5849,20133,14444,14496,769,1518,8204",,N-M,deuil,1) deuil<br>  1a) pour la mort<br>  1b) à cause de certains rites (métaphorique)<br>  1c) vêtement de deuil<br>  1d) période de deuil,ʾēvel,,A01366,61,59
61,אֲבָל,H,56+אבל,vient apparemment De H56 à travers idée de négation,"417,22776,9536,23122,22395,1274,8279,20691,20705,21012,8678",,ADV,mais,"1) vraiment, véritablement, sûrement<br>2) mais, cependant",ʾăvāl,,A02189,62,60
62,אָבֵל בֵּית־מֲעַכָה,H,58+אבל|1004+בית|4601+מעכה ,vient De H58 et H1004 et H4601,"9873,9187",,N_N--L,Abel-Beth-Maaca,"Abel-Beth-Maaca = ""prairie de la maison de Maaca"" = ""pré de la maison d'oppression""<br>1) ville du nord d'Israël proche de Beth Maaca",ʾāvēl bēt-măʿaxā,,A05478,63,61
63,אָבֵל הַשִּׁטִּים,H,58+אבל|7848+שׁטה שׁטים,"vient De H58 et pluriel de H7848, avec article",4811,,N_N--L,Abel-Sittim,"Abel-Sittim = ""prairie des acacias""<br>1) lieu de la plaine de Moab",ʾāvēl haššiṭṭīm,,A07779,64,62
64,אָבֵל כְּרָמִים,H,58+אבל|3754+כרם,vient De H58 et pluriel de H3754,,,N_N--L,Abel-Keramim,"Abel-Keramim = ""prairie dans les vignes""<br>1) un lieu en Ammon",ʾāvēl kᵊrāmīm,,A08569,65,63
65,אָבֵל מְחוֹלָה,H,58+אבל|4246+מְחולה,vient De H58 et H4246,"6718,8774,9321",,N_N--L,Abel-Mehola,"Abel-Mehola = ""prairie de la danse""<br>1) ville d'Issacar, lieu de naissance d'Elisée",ʾāvēl mᵊḥōlā,,A04538,66,64
66,אַבֵל מַיִם,H,58+אבל|4325+מים,vient De H58 et H4325,22710,,N_N--L,Abel-Maïm,"Abel-Maïm = ""prairie des eaux""<br>1) ville du nord d'Israël (peut-être Abel-Beth-Maaca)",ʾavēl mayim,,A05866,67,65
67,אָבֵל מִצְרַיִם,H,58+אבל|4714+מצרים,vient De H58 et H4714,1518,,N_N--L,Abel-Mitsraïm,"Abel-Mitsraïm = ""prairie de l'Egypte"" = ""pré du deuil de l'Egypte""<br>1) lieu à l'est du Jourdain (peut-être ""aussi fertile que l'Egypte"")",ʾāvēl miṣrayim,,A07780,68,66
68,אֶ֫בֶן,H,1129+בנה,vient de la racine H1129 dans le sens de construire,"21268,20066,8832,1996,10888,21918,5649,14926,796,10831,18425,21109,13416,3318,6033,2501,6004,5932,14875,5191,8999,2190,3470,19228,23099,9189,11527,3157,1026,8644,19634,19974,5168,14934,10697,22562,5564,22571,8813,7458,22610,9007,1926,9382,22363,2426,2671,5915,5562,5493,7072,5677,2559,22570,3154,22163,1937,5919,20743,5077,12996,798,22175,4119,2672,5595,8480,10070,5284,6312,22944,20204,3152,2439,5591,7585,1705,13081,13881,5496,4864,13533,3526,5019,8862,10677,9087,13532,6077,14764,12522,21108,12852,2203,2305,5189,5169,19960,17965,22432,5148,3346,7263,7575,7281,5589,1498,2541,10764,22712,8300,6084,16678,15019,18253,6036,23141,14590,11508,18240,5470,785,22176,7584,2303,6210,9514,13747,13809,6774,14945,6035,8863,18444,3321,8413,22125,920,806,5593,5698,6504,13164,11381,9291,8357,18448,5592,12523,11355,9998,7816,2077,5917,10464,18696,19229,2096,8061,919,18768,18922,10338,270,9290,8912,12791,17165,2304,19638,7262,9899,2311,18712,14772,3155,22895,19232,13474,4870,5918,13289,9297,6761,9024,2498,22943,13083,5170,22406,8821,5034,6505,13036,19545,4190,6003,5921,11251,13505,15020,22369,18386,5920,9781,8234,13004,14937,14664,2679,4189,8350,18157,9008,2315,2306,8814,9520,804,19521,2675,6093,14949,8861,11252,22588,2565,15053,5371,799,7666,13535,16808,5933,22422,18127,792,12754,43",,N-F,pierre(s),"1) pierre (grande ou petite)<br>  1a) à l'état naturel<br>  1b) comme matériau<br>  1c) pierres précieuses<br>  1d) outil de travail ou arme<br>  1e) poids<br>  1f) projectiles de destruction<br>  1g) objets sacrés, mémorials ...<br>  1i) (par assimilation) force, fermeté, solidité<br>  1j) (métaphorique) pétrifié de terreur, pervers, coeur dur",ʾeven,,A00188,69,67
69,אֶ֫בֶן,A,68+אבן,(araméen) correspondant à H68,"20547,20472,20462,20591,20461,20566,20902,20889",,N-F,pierre(s),"1) pierre<br>  1a) une (la) pierre, matériau pour idoles et construction",ʾeven,,A02524,70,68
70,אֹבֶן,H,68+אבן,vient du même mot que H68,"11903,1549",,N-M,siège,"1) roue, disque<br>  1a) roue de potier<br>  1b) escabeau d'accouchement",ʾōven,,A05227,71,69
71,אֲבָנָה,H,68+אבן,peut-être le féminin de H68,9578,,N_N--L,Abana,"1) fleuve Abana, en Syrie, coulant à travers Damas",ʾăvānā,,A07781,72,70
72,אֶבֶן הָעֵזֶר,H,68+אבן|5828+עזר,vient De H68 et H5828 avec article,"7215,7281,7237",,N_N--L,ében-ézer,"ében-ézer = ""pierre du secours""<br>1) pierre commémorative dressée par Samuel, pour marquer le lieu où Dieu aida Israël à mettre en déroute les Philistins, au nord de Jérusalem",ʾeven hāʿēzer,,A04539,73,71
73,אַבְנֵט,H,,dérivation incertaine,"2694,2346,2298,2333,2925,10590,3206,2931,2334",,N-M,ceinture(s),"1) gaine, ceinture<br>  1a) du souverain sacrificateur, des sacrificateurs, d'un officiel",ʾavnēṭ,,A02497,74,72
74,אֲבִינֵר,H,1+אב|5216+ניר נר ניר נר נרה,vient De H1 et H5216,"7993,7981,7988,8050,7476,8011,8018,7989,22327,8025,8007,8021,8024,8036,7998,8016,8010,8032,7592,7672,7590,8720,8023,7991,22302,8026,7984,8030,7830,7997,7990,7979,7837,7992,7987,8022,7986,7838,7996,7475,8005,8020,8027,8006,8015,8693,7975,8029,8039,8019,8008,8031,7828",,N_N-M-P,Abner,"Abner (Abiner) = ""père de la lumière""<br>1) cousin de Saïl et chef de son armée, traîtreusement tué par Joab",ʾăvīnēr,,A00685,75,73
75,אָבַס,H,,racine primaire,"18100,8785",,V,engraissé,"1) nourrir, engraisser<br>  1a) engraissé (participe)",ʾāvas,,A05228,76,74
76,אֲבַעְבֻּעֹת,H,,(duplication) vient d'une racine du sens d'éruption,"1752,1753",,N-F,pustules,"1) ampoules, furoncles (de la racine: gonfler)",ʾăvaʿbuʿōt,,A05479,77,75
77,אֶ֫בֶץ,H,,"vient d'un mot non usuel, probablement 'luire'",6343,,N_N--L,Abets,"Abets (Angl.: Ebets) = « blancheur, étain »<br>1) ville d'Issacar",ʾeveṣ,,A07782,78,76
78,אִבְצָן,H,76+אבעבועה,vient du même mot que H77,"6881,6879",,N_N-M-P,Ibtsan,"Ibtsan = ""blancheur (blanc comme l'étain)"", ""grande fatigue""<br>1) un juge de Bethléhem au temps des juges",ʾivṣān,,A05480,79,77
79,אָבַק,H,80+אבק,"racine primaire du sens flotter (comme la vapeur), vient de H80",953954,,V,lutta,"1) lutter, en venir aux prises",ʾāvaq,,A05843,80,78
80,אָבָק,H,79+אבק,vient du mot H79,"14692,10715,10280,5637,1752,13472",,N-M,poussière,1) poussière<br>  1a) sur le sol<br>  1b) nuées (figuré),ʾāvāq,,A03045,81,79
81,אֲבָקָה,H,80+אבק,féminin de H80,19701,,N-F,aromates,"1) aromates, poudres aromatiques, poudre",ʾăvāqā,,A05867,82,80
82,אָבַר,H,,racine primaire,19582,,V,vol,"1) voler, en battant des ailes",ʾāvar,,A05868,83,81
83,אֵ֫בֶר,H,82+אבר,vient de H82,"13190,10968,15984",,N-M,ailes,"1) aile<br>  1a) d'un oiseau (colombe, aigle)<br>  1b) d'un roi Babylonien (figuré)",ʾēver,,A04019,84,82
84,אֶבְרָה,H,83+אבר,féminin de H83,"19569,16172,5771,16670",,N-F,plumes,"1) aile<br>  1a) d'un oiseau (autruche, aigle, colombe)<br>  1b) de Dieu (métaphorique)",ʾevrā,,A03752,85,83
85,אַבְרָהָם,H,1+אב,contraction De H1 et d'une racine voulant peut-être dire nombreux,"601,516,1586,594,558,16888,3567,660,403,665,559,424,667,432,553,927,9295,619,458,431,522,1024,16921,485,593,574,422,708,598,525,555,671,12317,664,420,507,552,5845,5098,563,678,548,523,567,1531,1579,518,448,4731,538,22033,542,5694,640,1505,588,591,696,21476,452,6480,584,442,510,528,521,783,556,10976,13666,21480,487,15870,694,1607,5730,586,626,543,575,438,413,604,14689,444,549,551,5164,1596,497,592,651,5186,557,11399,644,21264,407,1659,561,1664,698,22791,6481,938,787,526,517,541,568,1467,21482,711,571,590,421,539,10732,505,778,22379,577,717,1039,1595,607,554,916,634,416,11192,443,524,536,519,415,579,666,4902,669,513,670,1468,9813,441,16885,506,2475,514,23030,1504,562,582,1520,2452,21475,436,498,447",,N_N-M-P,Abraham,"Abraham = ""père élevé "" ou ""père d'une multitude""<br>1) ami de Dieu et fondateur de la nation Hébreu par son alliance avec Dieu",ʾavrāhām,,A00272,86,84
86,אַבְרֵךְ,H,,probablement mot égyptien du sens de s'agenouiller,1239,,V,A genoux !,1) (sens douteux) - un cri pour annoncer le char de Joseph,ʾavrēxᵊ,,A07783,87,85
87,אַבְרָם,H,48+אבירם,contraction de H48,"331,359,293,313,360,308,333,303,327,315,403,372,304,337,363,306,373,349,326,383,356,350,21264,385,317,387,320,351,397,384,388,321,358,399,316,374,298,296,362,401,364,309,398,21475,294,324,379,323,305,300",,N_N-M-P,Abram,"Abram = ""père élevé ""<br>1) nom originel d'Abraham",ʾavrām,,A00710,88,86
88,אֹבֹת,H,178+אוב,pluriel de H178,"4351,4352,4806,4805",,N_N--L,Oboth,"Oboth = ""des outres"", ""creux"", ""esprit""<br>1) site indéterminé d'un camp des Israélites dans le désert (peut-être à l'est de la frontière de Moab)",ʾōvōt,,A03955,89,87
89,אָגֵא,H,,"dérivation incertaine, comparer avec H90",8582,,N_N-M-P,Agué,"Agué = ""fugitif"", ""dompteur de chevaux""<br>1) père d'un guerrier de David",ʾāgēʾ,,A07784,90,88
90,אֲגָג,H,,"dérivation incertaine, comparer avec H89","7509,7510,4454,7485,7486,7497",,N_N-M-P,Agag,"Agag = ""flamboyant"", ""guerrier"", ""sublime""<br>1) roi d'Amalek, épargné par Saïl mais tué par Samuel",ʾăgāg,,A03149,91,89
91,אֲגָגִי,H,90+אגג,patronyme de H90,"20359,20285,20395,20294,20357",,N_N--PG,Agaguite,1) vient d'Agag<br>2) Haman est appelé : Haman l'Agaguite,ʾăgāgī,,A03181,92,90
92,אֲגֻדָּה,H,,vient d'une racine du sens de lier,"14506,1839,7992,11309",,N-F,bouquet,"1) bande, reliure, cordes, bandes de soldats<br>  1a) bouquet d'hysope<br>  1b) voûte des cieux, reliant la terre aux cieux",ʾăguddā,,A03824,93,91
93,אֱגוֹז,H,,probablement origine Perse,19749,,N-M,noyers,"1) noix, noyers",ʾĕgōz,,A05869,94,92
94,אָגוּר,H,103+אגר,participe de H103,18528,,N_N-M-P,Agur,"Agur = ""qui rassemble, collectionneur""<br>1) fils de Jaké, l'auteur ou celui qui a collecté Proverbes 30",ʾāgūr,,A05870,95,93
95,אֲגוֹרָה,H,94+אגור,vient du même mot que H94,7193,,N-F,pièce,"1) payement, pièce, pièce de monnaie",ʾăgōrā,,A07785,96,94
96,אֵ֫גֶל,H,,vient d'une racine du sens de couler comme des gouttes,19543,,N-M,gouttes,"1) gouttes, réservoir, collecteur d'eau, magasins",ʾēgel,,A05871,97,95
97,אֶגְלַ֫יִם,H,96+אגל,double de H96,10485,,N_N--L,Eglaïm,"Eglaïm = ""double réservoir""<br>1) une ville de Moab",ʾeglayim,,A05872,98,96
98,אֲגַם,H,,vient d'une racine du sens de collecter comme de l'eau,"17007,1716,17104,10844,11012,10986,12760,10468,1705",,N-M,étang(s),"1) mare, bassin troublé<br>  1a) marais troublé ou boueux (sombre)<br>  1b) toute mare, étang<br>  1c) marais à roseaux ou jonc",ʾăgam,,A02431,99,97
99,אָגֵם,H,98+אגם,vient probablement De H98 (eau stagnante),10531,,A,attristé,1) triste comme de l'eau stagnante,ʾāgēm,,A05873,100,98
100,אַגְמֹן,H,98+אגם,vient du même mot que H98,"11308,10536,19612,19630,10360",,N-M,jonc,"1) jonc, roseau<br>  1a) corde ou ligne<br>  1b) humble, insignifiant (métaphorique)<br>2) triste, pencher la tête",ʾagmōn,,A03182,101,99
101,אַגָּן,H,5059+נגן,vient probablement de H5059,"2184,10593,19753",,N-M,bassins,"1) bol, coupe, bassin<br>  1a) bassins utilisés pour le rituel<br>  1b) courbes du corps humain (métaphorique)<br>  1c) famille d'Eliakim (métaphorique)",ʾaggān,,A04336,102,100
102,אֲגַף,H,5062+נגף,vient probablement De H5062 (idée de menaçant),"13208,13796,13814,13809,13056,13793",,N-M,troupes,"1) aile (d'une armée), bande, armée, horde",ʾăgaf,,A02919,103,101
103,אָגַר,H,,racine primaire,"5652,17937,17824",,V,amasse,"1) recueillir, rassembler, récolter",ʾāgar,,A04337,104,102
104,אִגְּרָא,A,,(araméen) origine Perse,"20868,20865,20887",,N-F,lettre,"1) lettre, missive (mot emprunté à l'araméen, utilisé dans l'AT)",ʾiggᵊrāʾ,,A04020,105,103
105,אֲגַרְטָל,H,,dérivation incertaine,20772,,N-M,bassins,"1) vaisselle, corbeille, sac de cuir, cuvette",ʾăgarṭāl,,A05874,106,104
106,אֶגְרֹף,H,1640+גרף,vient De H1640 (sens de saisir),"2096,11307",,N-M,poing,1) poing,ʾegrōf,,A05229,107,105
107,אִגֶּ֫רֶת,H,104+אגרא,vient de H104,"23030,21063,23025,21153,21061,21167,20400,21165,20397,21062",,N-F,lettre(s),"1) lettre, missive",ʾiggeret,,A02228,108,106
108,אֵד,H,181+אוד,vient du même mot que H181,"37,19485",,N-M,vapeur,"1) brume, vapeur",ʾēd,,A05732,109,107
109,אָדַב,H,,racine primaire,7190,,V,attrister,"1) attrister, affliger, chagriner<br>  1a) être la cause d'un chagrin, d'une affliction",ʾādav,,A07786,110,108
110,אַדְבְּאֵל,H,109+אדב|410+אל,vient probablement De H109 (sens de châtiment) et H410,21477672,,N_N-M-P,Abdeel,"Adbeel = ""châtié de Dieu"", ""serviteur de Dieu""<br>1) troisième fils d'Ismaël et petit-fils d'Abraham",ʾadbᵊʾēl,,A05764,111,109
111,אֲדַד,H,2301+חדד,probablement variante orthographique de H2301,,,N_N-M-P,Hadad,"Hadad = ""puissant"", ""le plus haut""<br>1) ennemi Edomite que Dieu a élevé pour punir Salomon de ses péchés",ʾădad,,A08570,112,110
112,אִדּוֹ,H,,dérivation incertaine,20965,,N_N-M-P,Iddo,"Iddo = ""opportun"", ""favori""<br>1) chef Israélite au temps d'Esdras au retour de Babylone",ʾiddō,,A05875,113,111
113,אָדוֹן,H,,vient d'une racine du sens de gouverner,"601,9714,12420,10859,6595,8353,2084,8293,9486,10383,10875,428,9267,8478,9567,9625,14956,20703,14931,1347,12410,9270,16755,14892,8652,17473,20700,7717,974,14957,9489,8161,9967,14932,18537,975,7889,8613,619,602,10587,10660,9330,909,1166,1157,9619,6669,9615,6619,7805,437,20701,8186,12322,1283,7808,7838,8671,22656,4883,1341,1330,606,9588,12116,9966,7053,947,8427,1349,7763,7841,1263,8292,7804,8267,9569,9721,460,7820,640,646,11988,2086,9715,17103,8289,8155,10195,8428,7144,8682,20416,21002,22755,2461,8268,21936,7806,2082,18463,7807,1153,7685,9570,22154,14638,10856,8678,9269,22134,9266,9049,15842,9335,10873,8464,8653,1169,8648,8659,15229,21079,8637,933,9970,7767,610,14416,10614,604,9584,8466,7789,18645,7809,9686,1332,14801,8296,7052,10225,7911,969,7793,7803,1170,7909,1368,8286,8456,8631,9273,1345,9225,4745,8283,627,9096,8655,1343,1180,4747,8459,8668,8212,14941,629,1152,17374,7842,9598,20758,7972,9658,8322,18402,9473,7810,631,1174,7950,9538,8656,8449,14940,8662,16900,9706,8457,9272,4071,8347,9616,657,648,8291,976,5205,8632,9586,15100,1358,587,2110,17632,8188,9660,10525,1158,1439,15126,1344,10855,636,4053,7893,15288,8726,8424,628,8672,8328,9475,7037,1333,9984,934,643,634,1286,1311,8156,9415,19813,7840,7895,8760,9682,7155,7528,578,8448,9608,2083,8154,8666,1446,9591,641,583,9651,22423,8190,10400,7765,8751,8046,9605,15237,9550,8455,8348,17061,8020,7839,9718,5517,9986,8294,7038,7974,8646,22422,1367,1334,7796",,N-M,seigneur(s),"1) Le Seigneur Dieu, Seigneur de toute la terre<br>2) seigneur, maître, roi, mari, prophète, gouverneur, intendant...<br>3) Seigneur des seigneurs (l'éternel)<br>4) mon Seigneur et mon Dieu",ʾādōn,,A00162,114,112
114,אַדּוֹן,H,113+אדון אדון,probablement forme intensive de H113,21228,,N_N--L,Addon,"Addon = ""puissant"", ""fort"", ""calamité ""<br>1) un Israélite ?",ʾaddōn,,A05876,115,113
115,אֲדוֹרַ֫יִם,H,142+אדר,double De H142 (dans le sens d'éminence),22620,,N_N--L,Adoraïm,"Adoraïm = ""double gloire"", ""double demeure"", ""honneur""<br>1) ville de Juda fortifiée par Roboam, environ 8 km Sud Ouest Hébron",ʾădōrayim,,A05877,116,114
116,אֱדַ֫יִן,A,,(araméen) dérivation incertaine,"20603,20572,20880,20497,20911,20525,20489,20475,20513,20579,20587,20593,20495,20589,20597,20444,20462,20479,20577,20592,20621,20881,20506,20446,20473,20500,20588,20580,20883,20886,20890,20560,20556,20502,20551,20546,20578,20452,20613,20590,20567,20885,20585,20586,20866,20441,20599,20552,20442,20549,20897,20595,20899",,ADV,alors,"1) alors, ensuite, depuis ce temps",ʾĕdayin,,A00672,117,115
117,אַדִּיר,H,142+אדר,vient de H142,"6638,6650,16348,14709,12084,10817,1931,21324,13210,7222,10401,15313,16702,15237,13628,22873,11812,12204,12086,15035,12085,14735,15229,21079,17488",,A,puissant(s),"1) grandeur, majesté<br>  1a) des eaux de la mer<br>  1b) d'un arbre<br>  1c) des rois, des nations, des dieux",ʾaddīr,,A01238,118,116
118,אֲדַלְיָא,H,,dérivation du Perse,20379,,N_N-M-P,Adalia,"Adalia = ""ferme, déterminé ""<br>1) cinquième fils de Haman, exécuté en même temps que son père",ʾădalyāʾ,,A05878,119,117
119,אָדֹם,H,,dérivation inconnue,"2539,2555,2201,19980,10189,2699,2586,2250,14707,18351",,V,rouge(s),"1) être de couleur rouge<br>2) couleur voyante et vive, comme les péchés",ʾādōm,,A02329,120,118
120,אָדָם,H,119+אדם,vient de H119,"14770,20209,12978,13044,12831,20056,13827,20083,205,11202,19052,20071,22509,18904,4304,13768,1728,11962,12676,23091,12865,20057,10224,17620,18489,19541,11063,16354,19110,19216,19486,51,20161,19389,10575,18018,19420,10507,5448,16020,8574,2834,8117,21066,7023,16115,20646,13016,13986,4713,11227,14047,3972,13072,16713,1768,13447,4303,12296,13308,13628,108,8942,10435,18204,16506,12266,16029,20020,13521,10211,13021,12745,14584,50,145,11061,13775,4301,12685,16070,3062,212,19435,15300,15671,2494,10222,17028,15280,14428,15604,18465,15575,1753,17003,3957,20133,17151,12661,18348,13568,22077,20118,19254,13789,13189,13278,13811,16652,17912,10298,15051,16437,13270,13069,19081,8624,20178,4694,4696,3600,4063,12892,4692,14750,6968,19450,17584,20166,13540,22144,12909,12868,13556,7567,8949,13734,11272,15069,20130,19189,17306,12855,10729,12867,16893,13464,14571,10888,13706,16286,15898,2748,46,81,20192,12836,13677,80,7808,13340,15888,13825,10918,13405,13547,3219,13733,21645,13032,12790,15292,2835,13362,13941,11487,13563,10297,13758,14570,18500,12862,47,17998,17149,12234,12117,18525,13312,64,1870,12889,11713,4273,19371,12974,13944,18257,4436,18022,20126,14225,3599,13644,13260,12983,16539,13652,8793,18254,20189,17971,272,18750,15672,13843,12237,13064,76,20043,6123,13051,11065,12906,15232,13731,17608,17585,17120,183,13114,68,18236,10213,65,52,13315,49,18680,10219,15582,13443,6204,15833,11308,18932,16532,13060,17378,12927,12742,13371,11026,54,3464,14761,38,20159,1883,140,5034,5142,18280,13966,11119,12971,11872,13356,5038,12267,20223,16013,13907,20151,13106,18276,3257,12907,13654,18529,13770,13246,9104,20080,15752,16867,13434,17882,20700,12881,20129,13096,13623,3055,21064,4677,17744,18523,16987,13009,18212,16714,22497,18385,8941,20030,18103,13587,20082,14661,13762,20238,7506,13708,13249,13722,17464,13420,22508,7002,10731,12852,8112,12857,11090,10098,20120,107,14308,15433,18367,13666,13303,14795,15005,13110,16177,20053,18541,10775,20169,15746,4224,394,12722,2901,16858,18125,1765,1729,18474,7842,11568,20168,1762,3706,16644,19498,6958,12941,13952,13672,13126,14809,20175,1752,4227,13112,13528,211,4701,13606,139,16480,17735,36,1613,20160,13594,13649,11731,14249,17761,18117,20230,19416,13485,11655,14612,19943,20074,19395,18842,15325,18495,18094,4306,13268,19483,77,20061,12387,2853,12981,144,15423,13807,18464,12834,1881,20131,19946,5079,11740,13325,17108,13411,16039,12903,3467,18484,7519,12290,18913,3973,12658,13496,18486,14856,4712,16993,9636,18981,15133,12860,12303,14645,18223,13320,14273,13458,39,17133,13045,142,13612,15906,20647,12771,17828,16135,13735,10271,13553,17457,3375,1829,13284,14991,13118,22779,13334,12874,18009,19077,18364,13003,6962,12591,5768,15964,15039,9998,12301,20180,18255,27,13759,143,10770,12972,20171,10104,78,7766,11878,13531,20047,53,13019,2415,14643,20079,17539,20145,22362,22515,20702,13738,13801,20059,14671,141,13261,13087,13732,16980,4706,56,18167,13318,3468,14908,26,181,21286,3799,20177,15285,16090,20072,18193,19434,17909,20038",,N-M,Adam,"Adam ="" être humain"", ""de la terre"" Adamah: terre, sol<br>1)) homme<br>  1a) homme, être humain<br>  1b) genre humain (sens le plus fréquent de l'Ancien Testament)<br>  1c) Adam, premier homme<br>  1d) ville de la vallée du Jourdain, à côté de Tsarthan",ʾādām,,A00092,121,119
121,אָדָם,H,120+אדם,même mot que H120,"5911,21449,110,111,105,107,73,19343,109,14179",,N_N-M-P;N_N--L,Adam,"Adam = "" être humain"", ""de la terre""<br>1) premier homme<br>2) ville de la vallée du Jourdain",ʾādām,,A02378,122,120
122,אָדֹם,H,119+אדם,vient de H119,"14891,14954,11385,19732,4292,689,9517","אֱדֹם, אָדֹם",A|N-M,roux,"1) rouge, roux (homme, cheval, génisse, vêtement, eau, lentilles)",ʾādōm,m,A02840,123,121
123,אֱדוֹם,H,122+אדום,vient de H122,"21499,21491,1058,9042,13726,22099,10415,9822,14378,14523,7472,22920,9446,13721,9667,9507,17025,22830,6205,1049,6225,9825,9521,1072,10826,21502,9504,22100,22921,1073,1042,4345,4799,9041,1084,932,689,13458,4326,14385,9040,16068,1062,12071,1057,14367,8141,1050,9515,15098,16059,6849,14516,9503,9668,16067,13639,1060,6629,16514,4330,10825,4335,20746,12665,14375,8995,22831,12663,4821,17026,19995,22560,13457,12115,22098,1936,4465,17503,11717,12468,19994,14380,14512,9666,4333,13459,22829,11384,12660,12650,4332,6848",,N_N-M-P;N_N--L,édom,"édom = ""rouge"", ""de couleur rousse""<br>1) édom<br>2) édomites - descendants d'Esaï<br>3) Idumée - (Marc 3.8) territoire sud et sud-est de Palestine",ʾĕdōm,,A00419,124,122
124,אֹ֫דֶם,H,119+אדם,vient de H119,"2675,2311,13532",,N-F,sardoine,1) rubis<br>  1a) pierre précieuse,ʾōdem,,A04427,125,123
125,אֲדַמְדָּם,H,119+אדם,"duplication, vient de H119","3102,3072,3149,3077,3096,3095",,A,rougeâtre,1) rougeâtre,ʾădamdām,,A03150,126,124
126,אַדְמָה,H,127+אדמה,contraction de H127,"5704,14253,345,339,254",,N_N--L,Adma,"Adma = ""de la terre"", ""terrasses""<br>1) ville dans la vallée de Siddim",ʾadmā,,A03554,127,125
127,אֲדָמָה,H,119+אדם,vient de H119,"208,16874,11856,73,5719,13836,5450,12055,22510,10486,205,14128,9583,10046,4225,5294,5472,21282,13061,3343,13807,2164,13309,4226,21332,5570,5119,12076,5803,11867,5664,15136,5564,18491,92,13448,21330,1444,12123,13544,13451,7226,13727,2064,8976,14515,8379,7662,13213,10758,16518,10315,22460,5024,2076,197,5743,14856,9136,5624,10297,75,12083,8937,5676,14337,226,8155,9249,5728,82,8898,13771,5071,14794,17621,11087,135,13806,13666,12050,14795,483,13308,20752,5103,10178,6475,5730,22939,788,13034,23113,2523,22332,22541,10447,4037,302,50,5231,1585,19348,789,13805,145,5046,10757,13064,13295,5578,5807,2490,168,15897,22504,9151,183,1440,13773,14306,5655,12503,8281,14508,20714,1443,25,90,7942,5631,8943,9925,94,10611,14402,5750,5126,40,5219,12941,2451,14480,20744,1439,18006,11813,12150,11779,14430,91,14486,10446,13079,5016,3344,9260,12819,83,11671,139,1441,36,6477,38,8339,5243,13738,13780,1784,10789,13745,15020,5261,13838,5583,10538,5634,12122,4063,164,1447,14575,17500,12346,7678,1732,12008,11655,192,5227,10633,13688,13702,18679,5617,37,79,14916,21258,16914,13299,14405,158,15069,5709,5646,10705,10162,4731,12354",,N-F,terre(s),"1) terrain, terre, sol<br>  1a) terre (en général)<br>  1b) terrain, morceau spécifique<br>  1c) terre comme matériau de construction<br>  1d) partie visible du monde",ʾădāmā,,A00212,128,126
128,אֲדָמָה,H,127+אדמה,même mot que H127,6359,,N_N--L,Adama,"Adama = ""la terre, le sol""<br>1) ville forte de Nephtali",ʾădāmā,,A07787,129,127
129,אֲדָמִי הַנֶּ֫קֶב,H,127+אדמה,vient de H127,,,N_N--L,Adami,"Adami = ""territoire""<br>1) une passe ou un lieu fortifié en Nephthali",ʾădāmī hanneqev,,A08571,130,128
130,אֲדֹמִי,H,123+אדום אדום,patronyme de H123,"5509,7697,7714,7727,22915,15952,9043,22978,9040,7723,9027",,N_N--PG,édomite(s),1) Edomite,ʾădōmī,,A02200,131,129
131,אֲדֻמִּים,H,121+אדם,pluriel de H121,,,N_N--L,Adummim,"Adummim = ""terrains rouges""<br>1) passe ou crête de collines à l'ouest de Guilgal",ʾădummīm,,A08572,132,130
132,אַדְמוֹנִי,H,119+אדם,vient de H119,"7524,684,7577",,A,blond,"1) rouge, roux (d'Esaï enfant)<br>2) Segond traduit par blond (pour David)",ʾadmōnī,,A04632,133,131
133,אַדְמָתָא,H,,probablement dérivation du Perse,20253,,N_N-M-P,Admatha,"Admatha = ""un témoignage"", ""brun"", ""don de Dieu""<br>1) prince de Perse sous le règne d'Assuérus (Xerxès)",ʾadmātāʾ,,A05879,134,132
134,אֶ֫דֶן,H,113+אדון אדון,vient du même mot que H113 (sens de force),"2698,2649,2261,2283,2291,2648,2255,2285,3775,2593,2287,2726,2284,2646,2653,2705,2665,2290,3730,2597,2288,2289,19737,2603,2549,2645,19521,2273,2257,2591,2644,2268,2651,3729,3776,2661,2664,2543,2605",,N-M,bases,"1) base, piédestal, socle (fort, ferme)<br>  1a) piédestals, bases, ou socles sur lesquels tenait le tabernacle",ʾeden,,A00894,135,133
135,אַדָּן,H,134+אדן,vient du même mot que H134,20833,,N_N--L,Addan,"Addan = ""fort, ferme"", ""calamité ""<br>1) lieu de Babylone, d'où sont retournés les exilés",ʾaddān,,A05880,136,134
136,אֲדֹנָי,H,113+אדון אדון,forme emphatique de H113,"10379,20660,16170,15018,455,13369,10391,13827,14064,13618,13147,13240,10558,13768,16181,13486,13418,14413,10697,10319,13572,13613,13690,13448,10643,13451,13727,11500,13653,13427,19878,19965,13467,13357,8117,19944,456,6979,14470,14007,19904,13705,11186,14093,13602,14489,13107,13030,11217,13127,13521,14474,14033,13561,13790,16093,13483,10921,16556,8118,476,16201,13753,19886,14018,14516,17065,13190,10703,13401,12272,13720,13683,13815,17454,14473,5205,13568,14010,9632,13122,13529,19254,10581,13811,13024,16242,12905,14792,10947,11278,13111,13083,10574,13241,13113,13461,16253,16176,14411,5185,13621,2162,13304,13476,13797,13626,11188,13734,13725,10287,19905,10313,13078,13967,16646,19877,17559,13706,10683,13301,13061,16364,10749,11468,13065,12992,8749,16666,13154,16561,13677,14444,13319,16148,10306,13296,21120,13167,13659,5950,1655,5985,19887,10297,13477,13758,15733,13187,13183,13209,13206,452,13961,13236,13771,13548,12858,10354,13717,13260,13662,13397,12648,13805,5986,13839,13579,5001,13453,13160,13262,13424,13818,10754,13565,13114,13460,6678,13686,13315,14508,13541,13104,13970,1615,8116,20674,8956,13823,10363,11371,13610,14417,14799,11183,13744,15658,14408,2506,10241,14497,5908,13457,17545,12875,21324,13642,13067,15987,15946,19892,10560,19903,10583,15653,16051,16025,12915,12571,14477,16568,14586,16461,13293,10568,8126,13641,14501,13726,14407,17417,16301,16179,13692,13973,16562,13099,17420,1612,14463,13469,16565,13804,13778,13830,15312,13762,13736,19938,14431,12944,13086,19890,13481,13124,15659,11428,15727,12891,15748,15974,17416,13439,13391,10584,13695,13330,14495,15108,13808,12919,10412,12264,13543,12936,13313,13764,13723,11503,13116,2520,13214,16557,13138,20676,16442,11212,11167,12707,13404,13525,13953,13820,13243,15827,16191,13025,16309,13070,11361,500,11426,4126,12941,13952,13290,10242,13109,10294,13403,13835,9404,13079,13306,13564,10239,13780,13033,8744,14505,21054,13203,8120,10254,13088,11655,11175,13288,10390,13052,13234,13459,13143,15551,13976,13350,15457,19943,8714,13287,13607,11553,14001,13724,13743,13090,457,12967,20672,11822,13712,15740,11184,5906,16647,11147,20408,13588,13544,13465,13073,13558,20666,17050,14487,14420,13685,20664,14271,1938,8127,13458,15106,15008,13196,13709,13297,15690,13735,13034,13754,12552,13553,13284,16178,369,12916,12928,15159,13334,14471,13172,6894,13220,13667,13576,20661,13366,10003,13442,13415,13421,21249,10723,13038,12713,20673,13531,13132,16558,6671,16359,13332,13097,13801,15772,363,13432,10893,13669,14054,13728,10923,13341,14476,13624,14475,13988,10331,14377,16650,12913",,N-M,Seigneur,"1) mon seigneur, seigneur<br>  1a) d'un homme<br>  1b) de Dieu<br>2) titre donné au lieu de Yahvé par les Juifs, en signe de révérence",ʾădōnāy,,A00112,137,135
137,אֲדֹנִי־בֶ֫זֶק,H,113+אדון אדון|966+בזק,vient De H113 et H966,"6517,6516,6518",,N_N-M-P,Adoni-Bézek,"Adoni-Bézek = ""mon Seigneur est Bézek"" = ""seigneur des éclairs""<br>1) roi de la ville Cananéenne de Bézek, tué par les Israélites",ʾădōnī-vezeq,,A04540,138,136
138,אֲדֹנִיָּ֫הוּ,H,113+אדון אדון|3050+יה,vient De H113 et H3050,"8642,8701,8711,21559,8684,8716,8676,8709,8003,8677,8710,21311,8644,8686,8685,8678,8640,22728,8712,8653,8659,8648,8646,8660,8707,8643",,N_N-M-P,Adonija,"Adonija = ""Yahvé est seigneur""<br>1) quatrième fils de David et rival de Salomon pour le trône<br>2) Lévite envoyé par Josaphat pour enseigner la loi<br>3) un chef du peuple qui coopéra avec Néhémie",ʾădōniyyāhū,,A01224,139,137
139,אֲדֹנִי־צֶ֫דֶק,H,113+אדון אדון|6664+צדק,vient De H113 et H6664,"6067,6069",,N_N-M-P,Adoni-Tsédek,"Adoni-Tsédek = ""mon seigneur est juste""<br>1) roi Cananéen tué par Josué",ʾădōnī-ṣedeq,,A05481,140,138
140,אֲדֹנִיקָם,H,113+אדון אדון|6965+קום,vient De H113 et H6965,"21185,20961,20787",,N_N-M-P,Adonikam,"Adonikam = ""mon seigneur s'est levé ""<br>1) le chef d'un clan Israélite qui retourna de l'exil",ʾădōnīqām,,A04021,141,139
141,אֲדֹנִירָם,H,113+אדון אדון|7311+רום,vient De H113 et H7311,"8810,8768",,N_N-M-P,Adoniram,"Adoniram = ""le seigneur est exalté ""<br>1) un des intendants de Salomon",ʾădōnīrām,,A05482,142,140
142,אָדַר,H,,racine primaire,"1927,1932,11018",,V,magnifique,"1) être grand, majestueux, sage, noble poétique",ʾādar,,A04428,143,141
143,אֲדָר,H,,probablement dérivation étrangère,"20390,20366,20291,20297,20392,20388,20372,20386",,N_N--T,Adar,"Adar = ""glorieux"", ""aire"", ""dieu du feu""<br>1) douzième mois, correspondant à nos mois Mars - Avril",ʾădār,,A02525,144,142
144,אֲדָר,A,143+אדר,(araméen) correspondant à H143,20913,,N_N--T,Adar,"Adar = ""glorieux"", ""aire"" assyro-babylonien addaru : sombre, nuageux<br>1)) 12 ème mois de l'année juive (mars ou avril)",ʾădār,,A05881,145,143
145,אֶ֫דֶר,H,142+אדר,vient de H142,"14608,15046",,N,magnifique,"1) gloire, magnificence<br>2) manteau, vêtement large",ʾeder,,A04650,146,144
146,אַדָּר,H,142+אדר,vient de H142,"6207,21774",,N_N-M-P;N_N--L,Addar,"Addar (ou Adar) = ""glorieux"", ""aire""<br>1) fils de Béla<br>2) ville de Juda près d'Edom, frontière méridionale de la Palestine",ʾaddār,,A05230,147,145
147,אִדַּר,A,142+אדר,(araméen) vient d'une racine correspondant à H142,20462,,N-F,aire,1) aire de battage de la moisson,ʾiddar,,A05882,148,146
148,אֲדַרְגָּזֵר,A,147+אדר|1505+גזר,"(araméen) vient de H147, et H1505","20478,20479",,N-M,grands juges,"1) juge, conseiller",ʾădargāzēr,,A04651,149,147
149,אַדְרַזְדָּא,A,,(araméen) probablement origine Perse,20943,,ADV,ponctuellement,"1) correctement, exactement, sérieusement",ʾadrazdāʾ,,A05883,150,148
150,אֲדַרְכֹּן,H,,d'origine Perse,"22368,20975",,N-M,dariques,"1) drachme, darique - unité de poids et valeur (en monnaie d'or) égale à 128 grains ou 4,32 grammes",ʾădarkōn,,A04652,151,149
151,אֲדֹרָם,H,141+אדונירם,"forme raccourcie de H141, Adoniram","8496,9087",,N_N-M-P,Adoram,"Adoram = ""mon Seigneur est exalté ""<br>1) un intendant de David<br>2) un intendant de Roboam",ʾădōrām,,A05483,152,150
152,אַדְרַמֶּ֫לֶךְ,H,142+אדר|4428+מלך,vient De H142 et H4428,"9933,10017,10907",,N_N-M-P;N_N-M-T,Adrammélec,"Adrammélec = "" (le dieu) Adar est roi"" = ""la magnificence du roi""<br>1) idole ou dieu de Sepharvaïm, introduit en Israël par Salmanasar le cinquième<br>2) fils et meurtrier de Sanchérib",ʾadrammelex,,A04338,153,151
153,אֶדְרַע,A,1872+דרע,(araméen) variante orthographique pour H1872,20880,,N-F,par violence,"1) fort, force, arme, pouvoir, puissance, violence",ʾedraʿ,,A05884,154,152
154,אֶדְרֶ֫עִי,H,153+אדרע,vient d'un équivalent de H153,"6187,6168,4898,4987,6136,6360,4978,4374",,N_N--L,édréi,"édréi = ""bon pâturage"", ""fort"", ""bras""<br>1) capitale de Basan, au nord du fleuve Jabbok",ʾedreʿī,,A02682,155,153
155,אַדֶּ֫רֶת,H,117+אדיר,féminin de H117,"9483,9478,14569,684,5999,9318,15068,9484,15036,9324,6002,13195",,N-F,manteau,"1) gloire, manteau<br>  1a) gloire, magnificence (d'une vigne, d'un bétail)<br>  1b) manteau, fait de fourrure ou matériau fin<br>     1b1) vêtement de prophète",ʾadderet,,A02081,156,154
156,אָדַשׁ,H,,racine primaire,10709,,V,bat,"1) battre le blé, fouler aux pieds, piétiner",ʾādaš,,A05885,157,155
157,אָהֵב,H,,racine primaire,"14134,17339,15956,687,7963,814,16236,6966,5417,19664,19856,22632,18047,11605,15283,15579,15504,13374,21048,14223,5200,14115,17616,5223,16596,18243,17219,20343,5203,17299,15179,20278,11944,14122,5507,8250,19038,11290,20330,12197,15281,17369,5065,15771,816,14120,14156,17337,17285,16231,7594,15096,6927,8228,984,11819,14998,5093,7615,19698,3316,6955,14420,14264,19882,17922,659,5043,18503,7613,732,550,17743,3300,5207,5726,7664,6656,8737,7533,17899,10976,15838,737,11280,13391,5277,17335,7134,18451,15955,18129,20069,5730,20109,22939,2058,17914,828,18209,14214,11942,16775,19699,22775,17304,8236,16572,5464,18168,13378,8797,20326,16445,13157,17996,11990,1345,13160,18095,15626,15000,17220,11992,7621,15705,826,15197,22791,20661,15596,13161,5122,5716,15729,19665,15865,14241,5126,18068,5232,742,18198,17625,14443,14291,17269,11026,17123,11671,11145,5211,5337,11368,11448,14615,9027,18166,1087,17046,19697,19865,8435,18092,17895,14246,17698,18302,11276,8239,19696,6433,2083,10194,21443,11506,5206,12210,6473,17772,1088,20186,16760,14117,7609,17331,5465,18277,17312,17291,15119,14123,15070,19668,18201",,V,aimer,"1) aimer<br>  1a) amour humain pour d'autres, familial ou sexuel<br>  1b) amour humain pour quelque chose: nourriture, boisson, sommeil<br>  1c) amour pour Dieu<br>  1d) amour de Dieu pour les hommes, comme individus, comme peuple",ʾāhēv,,A00229,158,156
158,אַ֫הַב,H,157+אהב אהב,vient de H157,"17812,14208",,N-M,amours,1) amours (seulement au pluriel)<br>2) (TWOT) amour,ʾahav,,A04653,159,157
159,אֹ֫הַב,H,156+אדשׁ,vient de H156,17869,,N-M,volupté,1) objet aimé<br>2) (TWOT) amour,ʾōhav,,A05886,160,158
160,אַהֲבָה,H,158+אהב,vient de H158,"18100,14661,14134,7966,9006,18158,19771,19685,20183,22419,18450,11514,19700,17034,19730,20178,17812,11392,5121,17033,14249,9028,7664,17944,22569,12210,19705,19768,19682,11483,8250,19683,19757,19770,7596,14842,14228",,N-F,amour,1) amour<br>  1a) humain pour un sujet humain<br>2) amour de Dieu pour son peuple,ʾahăvā,,A00926,161,159
161,אֹ֫הַד,H,,vient d'une racine du sens d'être uni,"1397,1671",,N_N-M-P,Ohad,"Ohad = ""puissant"", ""qui réunit"", ""qui lie""<br>1) fils de Siméon et petit-fils de Jacob",ʾōhad,,A05484,162,160
162,אֲהָהּ,H,,apparemment mot primaire exprimant la peine par exclamation,"12992,9608,11553,12264,12905,13030,6678,6866,13306,11468,11822,5985,9505,14311,9598",,INJ,Ah,1) ah! Malheur! hélas! ...,ʾăhāh,,A01790,163,161
163,אַהֲוָא,H,,probablement origine étrangère,"20969,20979,20963",,N_N--L,Ahava,"Ahava = ""Je subsisterai"", ""ruisseau""<br>1) ville ou lieu en Babylonie",ʾahăwāʾ,,A04022,164,162
164,אֵהוּד,H,161+אוהד,vient du même mot que H161,"6591,6590,6586,6593,21741,6602,6585,6596",,N_N-M-P,éhud,"contraction de Abihud ? éhud = ""Je remercierai: je serai loué "" = ""uni, non divisé, fort"" dans (1 Chroniques 8.6) seulement<br>1)) Benjamite juge d'Israël, libérateur d'Israël de Moab<br>2) un autre Benjamite, fils de Bilhan (1 Chroniques 8.6)",ʾēhūd,,A02673,165,163
165,אֱהִי,H,346+איה,apparemment variante orthographique pour H346,"14285,14281",,ADV,où,1) où,ʾĕhī,,A04654,166,164
166,אָהַל,H,,une racine primaire,19188,,V,brillante,"1) être clair, briller, brillant",ʾāhal,,A05887,167,165
167,אָהַל,H,168+אוהל,vient de H168,"331,10443,337",,V,dresser sa tente,"1) dresser, lever, déplacer une tente",ʾāhal,,A04633,168,166
168,אֹ֫הֶל,H,166+אהל,vient de H166,"7064,4260,4318,3661,2747,2880,3774,18844,5351,3225,3209,21634,2749,3701,4049,19004,19012,8717,16949,2243,7224,8473,16444,17428,19013,4478,3777,100,4289,2710,2800,431,2337,2379,10491,6435,14219,15392,4304,5216,6612,2553,8366,322,4452,6619,8494,2812,434,2585,9667,12672,3240,17353,22531,2249,2951,15957,18059,6709,3842,4308,4214,8969,2720,2738,3964,4222,3222,2484,324,2922,3837,2347,5744,8907,21622,3219,718,2698,908,22212,2419,2247,3981,4041,4119,2581,11737,16432,435,307,10919,4281,2866,3959,2730,3966,4237,2399,3450,4238,6661,6732,8092,2959,3747,2403,2743,5830,9636,659,4264,8104,16220,19031,3123,19341,2485,21989,2341,5085,3303,21832,2715,4245,2367,426,686,8437,2792,14780,19258,19889,2586,2801,2250,2921,2482,4065,4720,7589,18959,10959,6704,3983,3218,19666,4221,427,4261,11242,2409,4921,15057,5745,5999,2642,4252,4064,3235,4253,22018,22065,2803,3781,6621,12349,4051,2481,980,2604,3775,3834,2810,2248,2007,3856,233,4070,4558,6618,9795,16537,3198,8413,8674,3949,9085,6434,2985,4294,14266,22923,2751,19134,3241,2734,6002,3785,3731,9827,3676,4262,6436,3992,2987,2428,3718,4279,2381,3791,4213,2483,7179,3245,3769,16676,22687,3772,6000,12400,2401,3120,6622,10816,3962,2876,4249,21834,22404,16514,3700,3759,3779,19105,11608,5909,2781,2543,3767,2714,227,7404,3242,22395,2977,12201,15120,4035,18697,13889,18856,16437,22397,899,2703,1033,8716,9634,3787,3748,2294,2737,3783,2705,9633,16428,22394,22470,15513,3606,7035,2787,16076,3183,3940,2245,22608,2732,18773,2697,2348,2814,3135,21830,907,15514,2369,12346,2953,2742,2740,6296,6649,17158,3955,11563,15306,1964,19074,2727,4280,21682,20750,2272,2949,6432,8718,22880,2664,6374,3051,6001",,N-M,tente(s),"1) tente<br>  1a) du nomade, et symboliquement vie au désert<br>  1b) demeure, maison, habitation<br>  1c) la tente de l'éternel (le tabernacle)",ʾōhel,,A00146,169,167
169,אֹ֫הֶל,H,168+אוהל,même mot que H168,21577,,N_N-M-P,Ohel,"Ohel = ""tente"", ""famille""<br>1) fils de Zorobabel",ʾōhel,,A05888,170,168
170,אׇהֳלָה,H,168+אוהל,"forme de H168, mais en fait pour ""Oholahh"" (o-hol-aw')","13373,13405,13413,13374",,N_N-F-P,Ohola,"Ohola = ""sa propre tente""<br>1) Samarie comme adultère avec l'Assyrie (métaphorique)",ʾohŏlā,,A03560,171,169
171,אׇהֳלִיאָב,H,168+אוהל|1+אב,vient De H168 et H1,"2568,2569,2566,2427,2657",,N_N-M-P,Oholiab,"Oholiab = ""la tente du père""<br>1) assistant de Betsaleel dans la construction du tabernacle",ʾohŏlīʾāv,,A03506,172,170
172,אׇהֳלִיבָה,H,168+אוהל,vient de H168,"13413,13380,13405,13391,13373",,N_N-F-P,Oholiba," Oholiba = ""la femme de la tente""<br>1) (métaphorique) Jérusalem épouse adultère de l'éternel",ʾohŏlīvā,,A03183,173,171
173,אׇהֳלִיבָמָה,H,168+אוהל|1116+במה,vient De H168 et H1116,"1043,1046,1059,1066,21500,1082,1055",,N_N-F-P,Oholibama,"Oholibama = ""tente du haut lieu""<br>1) épouse d'Esaï<br>2) chef d'Edom",ʾohŏlīvāmā,,A02870,174,172
174,אָהָל,H,,d'origine étrangère,"15839,17868,4453,19720",,N-F,aloès,"1) aloès (arbre, parfum)",ʾāhāl,,A03753,175,173
175,אַהֲרֹן,H,,dérivation incertaine,"1630,22323,1631,4318,2366,1629,2464,2012,1996,1794,3225,3697,3703,3943,1669,2402,1616,6396,22947,1941,4248,3741,3777,4241,1679,2655,2358,2413,2984,2372,4483,2390,2337,1717,2706,6387,3997,3960,2329,2979,3942,3744,1728,3055,2955,4211,2474,2442,22659,2932,4324,1736,2391,2999,4206,4801,2948,16377,2393,1848,2913,2720,2527,3953,2766,2352,22243,1683,4291,2739,3732,4337,2347,1632,3211,1676,4102,2966,2692,2981,4187,2994,22212,1687,17116,2870,2859,4198,3778,6511,2757,2972,2866,16940,1818,3959,2956,2990,1682,3170,3213,3450,4237,2332,1705,4286,2346,5810,4314,1982,2528,2773,23009,2936,5179,3660,1681,4341,3695,1698,2341,3972,4114,4245,3649,3761,3204,2461,2792,2342,21992,4065,23070,3208,3608,22193,1994,2890,2431,2444,2930,4242,6483,4479,3456,2940,4232,22231,21700,2975,4322,4500,1957,1696,2335,2931,4800,1817,3054,21704,7385,3210,4064,1693,4253,4255,3205,22208,3781,2297,4336,4266,1723,2356,3771,4111,2296,2460,3622,3859,4070,2334,3388,3760,4238,4492,6393,17445,1867,4569,4212,2963,3347,3699,2976,1719,2765,3694,3749,1695,2751,2753,22213,2192,2784,16905,3785,3731,1653,1637,2864,2941,2381,2666,3363,4213,2915,3772,4071,2441,4763,2298,3790,3951,3962,1706,4551,4215,3238,3203,3961,1860,2295,2954,4335,20925,3759,2911,1727,2945,4550,2781,6402,16777,1958,3374,1751,4259,4320,14657,2754,2920,2961,4235,1716,1694,2363,2977,1954,3725,3745,2875,4555,3847,2721,1845,7084,2997,2982,17468,21707,1692,4236,2294,2365,2551,1781,2868,4338,22660,1770,21653,4340,3145,2787,4278,4061,3370,7383,17114,4135,3223,2179,1634,21699,1950,2942,2364,2369,2306,2962,2914,17146,21333,3702,21417,2986,3372,2051,1786,2187,2323,2949,3696,23177,3367,2361,21944,2440,2924,4251,2324,1981,2357,5194,3789,3763,1688",,N_N-M-P,Aaron,"Aaron = ""haut placé ou éclairé ""<br>1) Frère aîné de Moïse, un Lévite et le premier souverain sacrificateur.",ʾahărōn,,A00142,176,174
176,אוֹ,H,185+אוה,forme courte de H185,"7720,18963,3091,2084,2855,3365,9486,4306,7421,3364,3172,7126,2124,4160,4460,2853,3262,3077,3101,3336,2337,10673,2896,3055,3111,8409,2105,4162,4159,3096,2854,11180,4652,5378,7693,4308,9365,3109,20054,2838,4165,2040,19520,5473,3100,4867,2785,3391,2834,4865,3519,2835,1636,5040,7698,3052,3108,13316,3194,12462,5281,2403,2837,8034,3807,2120,19543,2119,18564,7039,3249,3346,2111,3261,14029,2082,3484,4394,19551,3095,5277,18897,7171,3398,13110,2099,3053,3823,642,7833,2149,2109,3581,3375,18858,3102,3149,9809,3083,3834,4111,2114,2901,3030,5368,5609,2833,7431,4869,19700,3198,7014,2760,2824,14412,5981,2115,3517,19778,3106,2107,5333,917,4033,5313,8376,2842,10310,3072,18642,9620,5476,2096,3239,4168,5372,647,10990,5541,5423,3302,2756,3366,2852,3110,3826,5342,7649,3134,2110,5280,19449,15125,3112,4656,7657,18641,4660,1344,4868,3374,4157,3142,4870,7988,13112,3976,18558,4664,3082,3244,3988,19685,3192,4275,9535,1333,3566,1613,2106,9375,22515,2121,2104,6865,7888,3183,2819,5038,5279,19687,5699,5369,641,3069,3392,3987,2098,2128,19521,5530,5022,5478,19695,3104,8949,12033,2832,3799,19122,5275,5371,15102,19546,20221,3105,3051,3397","אוֹ, אוֹ",CONJ|N-M,ou,"1) ou<br>  1a) impliquant que le dernier choix est meilleur<br>  1b) introduction d'un exemple à voir sur un principe particulier<br>  1c) (en série) soit ... ou, si ... ou<br>  1d) excepté, ou sinon",ʾō,m,A00203,177,175
177,אוּאֵל,H,176+או או|410+אל,vient De H176 et H410,21033,,N_N-M-P,Uel,"Uel = ""volonté de Dieu""<br>1) fils de Bani, qui renvoya son épouse étrangère au temps d'Esdras",ʾūʾēl,,A05889,178,176
178,אוֹב,H,1+אב,vient du même mot que H1 (idée de bavarder avec un ancêtre),"7868,7867,10108,7869,10524,3325,7863,21868,5397,3346,10044,3313,10714,23111,10343,19369",,N-M,morts,"1) outre en peau pour l'eau<br>2) celui qui évoque les morts, l'esprit d'un mort, revenant",ʾōv,,A01707,179,177
179,אוֹבִיל,H,56+אבל,vient probablement de H56,22336,,N_N-M-P,Obil,"Obil = ""conducteur de chameau""<br>1) responsable des chameaux de David",ʾōvīl,,A05890,180,178
180,אוּבַל,H,2986+יבל|2988+יבל,vient De H2986 (dans le sens de H2988),"20632,20636,20633",,N-M,fleuve,"1) courant, fleuve, rivière, ruisseau",ʾūval,,A04023,181,179
181,אוּד,H,,vient d'une racine du sens de râteler,"10303,14426,14919",,N-M,tison(s),"1) tison, braise",ʾūd,,A04024,182,180
182,אוֹדָה,H,181+אוד,vient du même mot que H181,"8251,6195,11526,725,4100,539,525,6663,4061,2008",,N-F,à cause,"1) cause<br>  1a) cause, raison de, l'occasion de",ʾōdā,,A02376,183,181
183,אָוָה,H,,une racine primaire,"18027,5318,16938,17438,18323,8586,9063,5262,20121,19154,17439,18270,5076,21886,4059,18356,18286,14670,14446,10656,8020,15842,4029,18326,11889",,V,désir,"1) désirer, incliner, convoiter, souhaiter, vouloir ... (nourriture, boisson, appétits corporels)",ʾāwā,,A01240,184,182
184,אָוָה,H,,une racine primaire,4828,,V,tracerez,"1) signer, marquer, décrire avec une marque<br>  1a) mesurer, tracer",ʾāwā,,A07788,185,183
185,אַוָּה,H,183+אוה,vient de H183,"5257,7748,14240,5262,11505,5263,5392",,N-F,désir(s),"1) désirer, vouloir (pas nécessairement en mal)",ʾawwā,,A02859,186,184
186,אוּזַי,H,5813+עוזי,peut-être par permutation pour H5813,21099,,N_N-M-P,Uzaï,"Uzaï = ""je serai arrosé "", ""rapidité de l'éternel""<br>1) un Judéen, un des réparateurs des murs de Jérusalem",ʾūzay,,A05891,187,185
187,אוּזָל,H,,dérivation incertaine,21469262,,N_N-M-P,Uzal,"Uzal = ""je serai inondé "" voir aussi définition <a href=""strong-hebreu-235.html"" title=""Strong hébreu 0235"">0235</a><br>1) sixième fils de Jokthan",ʾūzāl,,A05765,188,186
188,אוֹי,H,183+אוה,vient probablement De H183 (sens de crier),"11736,4470,12642,13427,10233,13147,11609,18349,12559,10235,13424,10628,10291,7222,11574,11841,11809,20011,4370,7221,14225,11556,14196",,INJ,malheur,1) malheur! hélas! oh!<br>  1a) cri passionné de chagrin ou de désespoir,ʾōy,,A01322,189,187
189,אֱוִי,H,183+אוה,vient probablement de H183,"6177,4674",,N_N-M-P,évi,"évi = ""désir, convoitise""<br>1) un des cinq chefs de Madian",ʾĕwī,,A05485,190,188
190,אוֹיָה,H,188+אוי,vient de H188,17353,,INJ,Malheureux,1) malheureux!,ʾōyā,,A05892,191,189
191,אֱוִיל,H,,vient d'une racine (du sens d'être entêté),"17683,18057,18509,17940,17942,18448,18011,18051,17953,18233,10845,18676,18010,14220,16989,17873,18177,18675,17993,18088,18138,11565,17946,18362,18467",,A-M,insensé (s),"1) être fou, sot<br>  1a) celui qui manque de sagesse, qui est licencieux",ʾĕwīl,,A01226,192,190
192,אֱוִיל מְרֹדַךְ,H,,"dérivation de l'Araméen, du sens possible de soldat de Merodac","12823,10168",,N_N-M-P,évil-Merodac,"évil-Merodac = ""homme de Merodac"" = ""insensé du carnage""<br>1) fils et successeur de Nebucadnetsar, roi de l'empire Néo-Babylonien 560 Av. JC",ʾĕwīl mᵊrōdax,,A04655,193,191
193,אוּל,H,,"vient d'une racine du sens de tordre, c'est à dire être fort","16285,10136","אוּל, אוּל",N-M,grands,"1) pré éminence<br>  1a) du corps, ventre (méprisant)<br>  1b) de nobles, hommes riches",ʾūl,m,A04656,194,192
194,אוּלַי,H,176+או או,vient de H176,"12365,11948,14443,455,453,6201,7431,14813,9984,597,457,456,2469,12091,14542,6046,8289,9286,11958,18596,13045,4382,12361,8356,449,631,11128,9357,384,4420,4444,4409,19936,14206,7314,4387,740,9264,10873,454,949,12736,1303,7253",,ADV,peut-être,"1) peut-être, par hasard<br>2) si d'aventure<br>3) à moins que ... ne<br>4) supposer",ʾūlay,,A00784,195,193
195,אוּלַי,H,,dérivation du Perse,"20632,20646",,N_N--L,Ulaï,"Ulaï = ""mes chefs (puissants)"", ""eau boueuse""<br>1) fleuve d'Elam",ʾūlay,,A04657,196,194
196,אֱוִלִי,H,191+אויל,vient de H191,"15048,10532",,A,insensé,"1) sot, insensé",ʾĕwilī,,A04658,197,195
197,אוּלָם,H,481+אלם,vient De H481 (sens de silence),"8858,8860,13878,13887,8873,22995,8859,13847,8817,13888,22430,13854,13964,22351,14025,14019,12982,13848,8871,13879,22555,13914,22695,13903,13913,13846,8864,14333,23005",,N-M,portique(s),"1) portique, vestibule<br>  1a) du temple de Salomon<br>  1b) du palais de Salomon<br>  1c) du temple de la vision d'Ezéchiel",ʾūlām,,A01118,198,196
198,אוּלָם,H,481+אלם,vient apparemment De H481 (sens de mutisme),"21810,21747,21811,21748",,N_N-M-P,Ulam,"Ulam = ""solitaire""<br>1) un Manassite<br>2) un Benjamite de la famille de Saïl",ʾūlām,,A03561,199,197
199,אוּלָם,H,194+אולי אולי,apparemment variante de H194,"18681,19373,18857,4130,18618,18879,9349,18921,1471,793,7650,18602,18835,7024,1759,18878,18992,14621,7813",,ADV,mais,"1) mais, mais en effet<br>2) cependant, néanmoins",ʾūlām,,A01526,200,198
200,אִוֶּ֫לֶת,H,191+אויל,vient du même mot que H191,"18039,18077,18072,15723,16200,18065,18097,18161,18364,18104,18085,18422,18306,18204,18056,18049,18138,18190,17816,18428,18467,18421,18018,18066",,N-F,folie,"1) folie, sottise",ʾiwwelet,,A01266,201,199
201,אוֹמָר,H,559+אמר,vient de H559,"1052,21484,1056",,N_N-M-P,Omar,"Omar = ""orateur"", "" éloquent"", ""montagnard"", ""qui est dessus""<br>1) petit-fils d'Esaï",ʾōmār,,A04429,202,200
202,אוֹן,H,205+און,vient probablement du même mot que H205 (sens d'effort avec succès),"14265,16428,5466,19602,19005,10963,14260,10966,16915,19010,19058,1477",,N-M,force(s),1) vigueur générant le pouvoir<br>2) richesse<br>3) force physique des hommes,ʾōn,,A02033,203,201
203,אוֹן,H,202+און,même mot que H202,4196,,N_N-M-P,On,"On = ""richesse"" ou ""force, vigueur""<br>1) un chef de la tribu de Ruben",ʾōn,,A07789,204,202
204,אֹן,H,,vient d'un mot égyptien,"1241,1407,1246",,N_N--L,On,"On = ""lumière"", ""soleil""<br>1) ville de Basse égypte, siège principal du culte solaire, appelée Héliopolis par les Grecs",ʾōn,,A04541,205,203
205,אָ֫וֶן,H,,"vient d'une racine peut-être du sens de haleter, mais en vain","15779,13019,18960,17971,15191,17834,15966,14180,18841,16045,18844,16793,11321,11264,14238,15988,18547,19313,15023,18229,19096,11324,19427,16707,11312,11558,17305,18660,19468,15677,17389,19441,10368,19413,15224,16659,17961,15668,14739,11323,17555,18275,10730,10782,16690,14780,19479,18153,10184,18679,15302,17560,11441,15207,16009,17828,14217,18016,19126,15669,4438,15981,14433,16108,16692,5582,11557,14268,14601,7500,16148,16719,16726,16042,10997,10769,15525,15265",,N-M,iniquité,"1) malheur, méchanceté, douleur<br>  1a) idolâtrie",ʾāwen,,A00485,206,204
206,אָ֫וֶן,H,205+און,même mot que H205,13583,,N_N--L,Aven,"Aven = ""vanité "", ""vide, néant""<br>1) nom utilisé pour des lieux d'adoration idolâtre<br>  1a) cité d'Egypte, peut-être On (Ezéchiel 30.17)<br>  1b) Beth-Aven avec l'adoration du veau (Osée 10.8)<br>  1c) ville ou région de Syrie (Amos 1.5)",ʾāwen,,A05893,207,205
207,אוֹנוֹ,H,202+און,prolongation de H202,"21783,21369,21150,20807,21204",,N_N--L,Ono,"Ono = ""fort""<br>1) cité de Benjamin<br>2) une vallée (d'artisans)",ʾōnō,,A03184,208,206
208,אוֹנָם,H,209+אונן,variante de H209,"21488,21530,1064,21528",,N_N-M-P,Onam,"Onam = ""fort, riche"", ""lassitude, iniquité ""<br>1) Horien, petit-fils de Séir<br>2) chef de Juda, descendant de Jerachmeel",ʾōnām,,A03754,209,207
209,אוֹנָן,H,207+אונו אונו,variante de H207,"1129,1128,1124,21505,4510,1399",,N_N-M-P,Onan,"Onan = ""vigoureux"", ""lassitude"", ""iniquité ""<br>1) fils de Juda et d'une Cananéenne, tué par Dieu pour ne pas avoir respecté le commandement lévitique d'assurer une postérité à la femme de son frère",ʾōnān,,A03125,210,208
210,אוּפָז,H,211+אופיר אופיר אופר,peut-être une modification de H211,"11726,20689",,N_N--L,Uphaz,"Uphaz = "" île d'or fin""<br>1) un lieu célèbre pour son ou (site inconnu)",ʾūfāz,,A04659,211,209
211,אוֹפִיר,H,,dérivation incertaine,"22561,9008,21471,22365,22571,15840,19135,9447,8997,264,19242,10435",,N_N--L;N_N-M-P,Ophir,"Ophir = ""débarrassé des cendres"", ""abondance"", ""richesse""<br>1) onzième fils de Jokthan<br>2) lieu de l'Arabie du sud sur la route du commerce de Salomon où l'or était raffiné<br>3) caractéristique de l'or fin",ʾōfīr,,A02051,212,210
212,אוֹפָן,H,,vient d'une racine du sens de tourner,"10708,12846,13007,13011,13005,12845,13008,12842,18256,13004,13001,8884,8882,12877,8885,13014,12847,14719,1915,13039,12841",,N-M,roue(s),"1) roue<br>  1a) roue de char<br>  1b) roue de la vision d'Ezéchiel<br>  1c) roues des dix bases dans le temple de Salomon<br>2) à propos, convenable",ʾōfān,,A01410,213,211
213,אוּץ,H,,une racine primaire,"18265,1646,473,18492,10573,6292,6079,18520,18203,11889",,V,se hâter,"1) se presser, être pressé, faire en hâte, être étroit",ʾūṣ,,A02324,214,212
214,אוֹצָר,H,686+אצר,vient de H686,"15135,9787,13523,20843,5975,22331,22294,23208,9958,12603,14663,10931,17456,11730,22643,18266,15598,9829,9890,22298,22300,18280,22622,22369,11876,9185,12647,21237,22334,12707,19537,22352,10933,22296,22466,23099,12741,14313,12719,8903,17899,21236,20408,10032,10030,11943,21333,21837,22925,22333,12422,14286,21430,10134,10802,18099,10740,21429,10209,17934,22708,21414,5794,5970,5625,11844,22558,11081,9162,12744",,N-M,trésor(s),"1) trésor, magasin de stockage<br>  1a) trésor (or, argent, etc)<br>  1b) magasin, provision de nourriture ou boisson<br>  1c) arsenal (fig: armurerie de Dieu)<br>  1d) réservoirs (de Dieu pour pluie, neige, vent ...)",ʾōṣār,,A00530,215,213
215,אוֹר,H,,une racine primaire,"15,15396,16152,16375,16348,17,16918,21269,16470,19402,2233,15104,1889,16754,7895,15295,17302,10679,7999,16482,11357,3942,13617,21276,1910,3849,11339,20992,7454,18513,19642,20674,15572,15365,16466,17307,17525,20161,17784,13936",,V,éclairer,"1) être ou devenir brillant, lumière<br>  1a) (devenir lumière: le jour qui paraît<br>  1b) la lumière du soleil",ʾōr,,A00858,216,214
216,אוֹר,H,215+אור,vient de H215,"7461,11013,16761,19539,18,15079,19278,20222,18635,19512,19004,3,10276,18131,13618,18872,14677,10286,20227,19336,7813,5,16612,14777,11341,14601,19139,19490,17277,19628,17784,19257,8389,21242,15674,11313,14830,18646,19909,19494,19400,11798,12242,11357,19174,4,11339,12060,11159,11326,11566,16846,17524,10433,14495,19534,10384,1328,14448,19305,11311,19186,16391,15801,7052,11358,15080,10207,19502,17081,16015,11194,14784,18642,19488,10348,19506,19003,7815,8575,19199,19172,19171,15509,11085,14177,19402,17477,11003,19237,17650,9635,17839,17170,18032,6953,13617,1801,15683,18994,18875,19530,15807,19016,20048,10760,15905,15728,14446,14678,15183",,N-F,lumière(s),"1) lumière<br>  1a) lumière du jour<br>  1b) lumière des luminaires célestes (lune, étoiles)<br>  1c) crépuscule<br>  1d) lumière du jour, d'une lampe, de la vie<br>  1e) lumière de la prospérité, de l'instruction, du visage<br>  1f) l'éternel comme lumière d'Israël",ʾōr,,A00371,217,215
217,אוּר,H,215+אור,vient de H215,"10776,11066,12910,11190,10627,11130","אֻרִים, אוּר",N-M,feu,"1) flamme, lumière du feu",ʾūr,,A02920,218,216
218,אוּר,H,217+אור,même mot que H217,"298,368,21904,21264,295","אוּר, אוּר",N_N-M-P|N_N--L,Ur,"Ur = ""flamme"", "" éclat"", ""feu""<br>1) ville du sud de la Babylonie, cité des Chaldéens, centre de l'adoration de la lune, demeure du père d'Abraham, et point de départ de la migration d'Abraham vers la Mésopotamie et Canaan",ʾūr,m,A03551,219,217
219,אוֹרָה,H,216+אור,féminin de H216,"20370,10666,17525,9561,10518","אוֹרָה, אוֹרָה",N-F,herbes,1) lumière<br>2) lumière de joie et bonheur (figuré),ʾōrā,m,A03320,220,218
220,אֲוֵרָה,H,723+אורוה אריה,par transposition pour H723,23100,,N-F,étables,"1) mangeoire, stalle, étable, crèche",ʾăwērā,,A05894,221,219
221,אוּרִי,H,217+אור,vient de H217,"8781,2423,2562,21522,22396,2656,21023",,N_N-M-P,Uri,"Uri = ""ardent, lumière""<br>1) un prince de Juda, fils de Hur, utilisé par Dieu pour préparer le tabernacle<br>2) père d'un intendant de Salomon en Galaad<br>3) un portier du temps d'Esdras qui avait une épouse étrangère",ʾūrī,,A02841,222,220
222,אוּרִיאֵל,H,217+אור|410+אל,vient De H217 et H410,"21674,21993,22652,21999",,N_N-M-P,Uriel,"Uriel = ""El (Dieu) est ma lumière""<br>1) Lévite de la famille de Kehath à l'époque de David<br>2) grand-père maternel d'Abija",ʾūrīʾēl,,A03562,223,221
223,אוּרִיָּה,H,217+אור|3050+יה,vient De H217 et H3050,"12111,8201,9897,10326,12108,8183,9893,8189,21095,21243,8193,9172,8610,8180,12109,8198,8185,8219,21910,8184,9898,8203,8192,8186,8191,9892,21078,8194,8213,8187,8188,20981,8214","אוּרִיָּ֫הוּ, אוּרִיָּה",N_N-M-P,Urie,"Urie = ""l'éternel est ma lumière""<br>1) Héthien, mari de Bath-Schéba<br>2) sacrificateur qui fit un autel païen<br>3) sacrificateur qui reconstruisit le mur de Jérusalem<br>4) un prophète tué par Jojakim",ʾūriyyā,m,A01017,224,222
224,אוּרִים,H,217+אור,pluriel de H217,"7866,5820,2324,21232,20837,2926,4577",,N_N-M-T,Urim,"Urim = ""lumières""<br>1) pierres dans un sac sur le pectoral du souverain sacrificateur pour déterminer la décision de Dieu sur certaines questions<br>2) associé à Thummim",ʾūrīm,,A02860,225,223
225,אוּת,H,,une racine primaire,"996,9777,1004,1003",,V,accepter,"1) consentement, être d'accord",ʾūt,,A04005,226,224
226,אוֹת,H,225+אות,vient probablement De H225 (sens de apparaître),"1630,1779,7344,5918,10313,12555,1877,4131,4255,14,3661,2434,5883,5276,13277,6495,16318,10009,10541,5040,4120,16906,5684,2438,95,1734,4233,5110,1689,13269,5132,12894,1884,1611,219,10549,16125,7342,19106,1830,16570,11719,12267,223,218,11075,5659,409,1619,5096,5576,5228,10310,13101,16313,5213,21267,10914,11457,10026,17458,6673,16420,5852,11270,7191,5275,10342,10025,1592,10929,1632,7435,1780,1610,12268,10899",,N-F,signe(s),"1) signe, signal<br>  1a) marque distinctive, bannière<br>  1b) souvenir<br>  1c) signe miraculeux<br>2) témoignage, enseigne, étendard, miracle, preuve",ʾōt,,A00491,227,225
227,אָז,H,,démonstratif,"6034,10969,1155,15762,16700,9786,6459,11136,16011,6724,17718,18845,19137,17714,21885,326,20050,11134,1612,1922,10819,19807,22174,1478,14747,22555,18804,11058,6633,9222,11343,7659,8585,11757,9033,10499,305,8904,6638,6099,10453,9569,18244,8516,10842,9448,11312,11317,17264,7994,6429,16749,8750,17900,6200,1865,6078,19388,22467,7251,9823,11138,19253,21986,18895,6644,11311,5047,9809,16616,17704,8980,15141,19536,16199,12249,15160,14836,15950,9860,8993,11992,12220,16351,12544,3559,106,22127,4358,9668,5861,633,22891,10843,17754,5701,11760,11985,8915,15401,6907,22050,6636,1656,11986,11099,8341,22831,3566,6199,8435,1861,22560,11139,18639,1936,13624,6647,22024,8515,14834,1628,19774,1767,8074,14117,14617,6380,17178,22480,9887,21990,17391","מֵאָז, אָז",ADV,alors,"1) alors, en ce temps là<br>  1a) expressions de temps<br>     1a1) alors (passé, ou futur)<br>  1b) expressions logiques<br>     1b1) dans ce cas<br>     1b2) ainsi",ʾāz,m,A00320,228,226
228,אֲזָא,A,,dérivation inconnue,"20498,20495",,V,chauffer,"1) rendre chaud, chauffer",ʾăzāʾ,,A04660,229,227
229,אֶזְבָּ֑י,H,231+אזוב,vient probablement de H231,21906,,N_N-M-P,Ezbaï,"Ezbaï = ""humilité "", ou ""butin"", ""qui luit"" ?<br>1) père de l'un des vaillants hommes de David",ʾezbāy,,A05895,230,228
230,אַזְדָּא,A,,(araméen) dérivation incertaine,"20435,20432",,A,a échappé,1) être parti,ʾazdāʾ,,A04661,231,229
231,אֵזוֹב,H,,probablement de dérivation étrangère,"1839,4296,4308,3163,8795,15938,3116,3118,3161,3164",,N-M,hysope,1) une plante utilisée dans des buts médicinaux ou religieux,ʾēzōv,,A02358,232,230
232,אֵזוֹר,H,246+אזקים,vient de H246,"10283,11786,9460,10406,11783,11784,13384,18868,11792,11789,11788,11793",,N-M,ceinture(s),"1) vêtement de la taille, élément symbolique le plus important<br>  1a) symbole du pouvoir de Dieu sur les rois (figuré)<br>  1b) symbole de fidélité (métaphorique)",ʾēzōr,,A02022,233,231
233,אֲזַי,H,227+אז,vient probablement de H227,"17379,17380,17381",,ADV,alors,"1) alors, dans ce cas",ʾăzay,,A04025,234,232
234,אַזְכָּרָה,H,2142+זכר,vient de H2142,"3454,2865,2772,3819,2779,2765,2843",,N-F,souvenir,"1) offrande de souvenir, la portion de nourriture offerte est qui est consumée",ʾazkārā,,A02888,235,233
235,אָזַל,H,,une racine primaire,"13502,11517,5796,18914,18244,7315",,V,épuisé,"Uzal = ""va et vient"" voir aussi définition <a href=""strong-hebreu-187.html"" title=""Strong hébreu 0187"">0187</a><br>1) aller, partir, disparaître<br>  1a) être utilisé, évaporé<br>  1b) aller et venir",ʾāzal,,A03046,236,234
236,אֲזַל,A,235+אזל,(araméen) même mot que H235,"20444,20880,20592,20451,20593,20889,20896",,V,alla,"1) aller, sortir, se rendre",ʾăzal,,A02706,237,235
237,אֶזֶל,H,235+אזל,vient de H235,7666,,N_N--L,ézel,"ézel = ""séparation, départ""<br>1) pierre du souvenir entre Rama et Nob; lieu de la dernière rencontre entre David et Jonathan",ʾezel,,A07790,238,236
238,אָזַן,H,241+אוזן,une racine primaire,"103,22893,17466,1947,11405,15887,19407,17552,20234,4939,19361,15187,19373,6628,15322,11020,11797,5761,14158,14298,10704,19505,16378,17570,11194,10173,18153,10181,16358,10333,19421,4435,15979,16535,10785,21287,15972,16464,18789,17544,16559,15753",,V,prêter l'oreille,"1) entendre, écouter<br>  1a) prêter l'oreille",ʾāzan,,A00806,239,237
239,אָזַן,H,238+אזן,une racine primaire [identique à H238 par l'idée de peser ce qui est entendu],,,V,il a examiné,"1) peser, tester, prouver, considérer",ʾāzan,,A08573,240,238
240,אָזֵן,H,238+אזן,vient de H238,5515,,N-M,bagage,"1) outils, armes, bagages",ʾāzēn,,A07791,241,239
241,אֹ֫זֶן,H,238+אזן,vient de H238,"16554,2084,21418,5760,13044,11017,14978,7491,16712,22085,12372,10858,6759,11659,10886,8408,15761,19649,11184,19963,5056,10296,9969,11260,2442,15629,7366,5758,10779,12364,18332,11483,11595,7659,17711,13444,4026,18114,16239,21242,14685,12379,23160,5741,5804,11711,18329,20025,12378,11926,3140,10842,13008,7204,588,1998,7722,16378,17124,17806,1809,12103,19265,11318,17794,17416,4137,19473,10755,16796,19388,8527,7307,3137,11750,11615,12984,10086,11661,18861,15890,18401,19248,18664,21049,17466,12331,18308,19845,12141,13843,20675,7713,18946,7803,12874,22536,19468,11030,15558,22348,14412,3129,1343,15327,7323,13136,1780,12373,2941,22519,4043,15275,10050,2441,18876,7649,18273,10811,12368,504,10898,12989,10404,6378,12099,18892,585,7616,15841,12371,17786,8565,11896,2185,8018,9996,11183,5338,19408,12054,6699,1511,13966,18192,15343,3126,6758,11139,22080,21054,12531,10008,1016,2942,8120,6984,16032,16580,18242,18481,12985,15381,15805,18434,582,13394,17110,11173,16694,10583,8125,5685,2357,19380,7660,10265,12180,12354",,N-F,entendre,"1) oreille, comme partie du corps<br>2) oreille, comme organe de l'audition<br>3) (subjectif) la réception de la révélation divine",ʾōzen,,A00246,242,240
242,אֻזֵּן שֶׁאֱרָה,H,238+אזן|7609+שׁארה,vient De H238 et H7609,21755,,N_N--L,Uzzen-Sché éra,"Uzzen-Sché éra = ""l'oreille de Sché éra""<br>1) ville construite par Sché éra, fille d'Ephraïm",ʾuzzēn šeʾĕrā,,A05896,243,241
243,אַזְנוֹת תָּבוֹר,H,238+אזן|8396+תבור,vient De H238 et H8396,6357,,N_N--L,Aznoth-thabor,"Aznoth-Thabor = ""sommets du Thabor""<br>1) une paire de collines sur la frontière de Nephthali",ʾaznōt tāvōr,,A07792,244,242
244,אׇזְנִי,H,241+אוזן,vient de H241,4507,"אׇזְנִי, אׇזְנִי",N_N-M-P|N_N--PG,Ozni,"Ozni ou Oznite = ""attentif, mon oreille (entendre)""<br>1) fils de Gad<br>2) appartenant à Ozni et ses descendants",ʾoznī,m,A07793,245,243
245,אֲזַנְיָ֫הוּ,H,238+אזן|3050+יה,vient De H238 et H3050,21304,,N_N-M-P,Azania,"Azania = ""l'éternel entend""<br>1) père de Josué, un Lévite (pas Josué successeur de Moïse)",ʾăzanyāhū,,A05897,246,244
246,אֲזֵק,H,2131+זיקה זק זק,une variante pour H2131,"12458,12461",,N-M,chaînes,"1) chaînes, menottes",ʾăzēq,,A04662,247,245
247,אָזַר,H,,une racine primaire,"19593,16123,19297,9460,11190,16699,7161,19518,8560,10333,11479,15369,15376,15554,11083",,V,ceins,"1) ceinture, équipement, vêtement<br>  1a) se ceindre (métaph. : de force)<br>  1b) être ceint",ʾāzar,,A01776,248,246
248,אֶזְרוֹעַ,H,2220+זרוע זרוע זרועה זרועה,une variante pour H2220,"19332,12268",,N-F,bras,1) bras,ʾezrōʿa,,A04663,249,247
249,אֶזְרָח,H,2224+זרח,vient De H2224 (sens de pousser),"3445,3278,4183,14063,1866,3469,1836,3231,4167,3251,6037,3463,3980,4184,1865,15712,3316",,N-M,indigène(s),1) un natif (un originaire du sol)<br>  1a) homme: Israélites<br>  1b) arbre: Israël,ʾezrāḥ,,A01655,250,248
